,state_po,year,house_price_index
0,AL,1975,72.3275
1,AL,1976,77.5
2,AL,1977,85.5
3,AL,1978,92.35000000000001
4,AL,1979,102.58000000000001
5,AL,1980,105.58500000000001
6,AL,1981,108.715
7,AL,1982,110.0425
8,AL,1983,114.965
9,AL,1984,122.6225
10,AL,1985,125.565
11,AL,1986,132.7675
12,AL,1987,138.775
13,AL,1988,142.3625
14,AL,1989,144.37
15,AL,1990,146.865
16,AL,1991,151.525
17,AL,1992,157.6
18,AL,1993,164.3325
19,AL,1994,170.265
20,AL,1995,177.13
21,AL,1996,184.33
22,AL,1997,191.17749999999998
23,AL,1998,200.9875
24,AL,1999,206.1775
25,AL,2000,211.34
26,AL,2001,223.035
27,AL,2002,229.5975
28,AL,2003,238.72500000000002
29,AL,2004,247.83749999999998
30,AL,2005,265.32500000000005
31,AL,2006,286.2575
32,AL,2007,299.8425
33,AL,2008,303.2
34,AL,2009,298.7825
35,AL,2010,287.55
36,AL,2011,277.8325
37,AL,2012,276.48749999999995
38,AL,2013,274.3125
39,AL,2014,277.93
40,AL,2015,285.8775
41,AL,2016,294.445
42,AL,2017,304.0225
43,AL,2018,317.46
44,AL,2019,335.1725
45,AL,2020,348.135
46,AK,1975,68.35249999999999
47,AK,1976,73.90499999999999
48,AK,1977,79.565
49,AK,1978,86.39500000000001
50,AK,1979,96.5775
51,AK,1980,87.94250000000001
52,AK,1981,111.6275
53,AK,1982,138.1875
54,AK,1983,143.9775
55,AK,1984,152.4975
56,AK,1985,145.505
57,AK,1986,142.45749999999998
58,AK,1987,120.74499999999999
59,AK,1988,124.81
60,AK,1989,110.64000000000001
61,AK,1990,113.88
62,AK,1991,129.5775
63,AK,1992,135.61249999999998
64,AK,1993,138.365
65,AK,1994,144.6075
66,AK,1995,150.8125
67,AK,1996,157.72
68,AK,1997,162.0175
69,AK,1998,166.96
70,AK,1999,172.73999999999998
71,AK,2000,175.68
72,AK,2001,184.48250000000002
73,AK,2002,194.48999999999998
74,AK,2003,204.035
75,AK,2004,224.56
76,AK,2005,252.3125
77,AK,2006,277.03
78,AK,2007,287.87
79,AK,2008,286.71
80,AK,2009,285.25
81,AK,2010,283.52500000000003
82,AK,2011,285.895
83,AK,2012,287.16
84,AK,2013,295.9625
85,AK,2014,302.0525
86,AK,2015,312.115
87,AK,2016,318.8675
88,AK,2017,323.17
89,AK,2018,326.24
90,AK,2019,335.80499999999995
91,AK,2020,343.455
92,AZ,1975,58.7625
93,AZ,1976,60.655
94,AZ,1977,65.59
95,AZ,1978,76.47500000000001
96,AZ,1979,93.33249999999998
97,AZ,1980,103.1575
98,AZ,1981,111.7025
99,AZ,1982,109.005
100,AZ,1983,116.86
101,AZ,1984,121.0775
102,AZ,1985,126.61250000000001
103,AZ,1986,133.685
104,AZ,1987,135.775
105,AZ,1988,134.72
106,AZ,1989,133.4275
107,AZ,1990,133.16000000000003
108,AZ,1991,136.1675
109,AZ,1992,140.22
110,AZ,1993,143.555
111,AZ,1994,150.64499999999998
112,AZ,1995,159.52
113,AZ,1996,167.285
114,AZ,1997,174.0025
115,AZ,1998,183.1625
116,AZ,1999,192.13
117,AZ,2000,203.76999999999998
118,AZ,2001,217.3025
119,AZ,2002,229.17
120,AZ,2003,242.40999999999997
121,AZ,2004,272.84
122,AZ,2005,353.86749999999995
123,AZ,2006,419.5425
124,AZ,2007,415.265
125,AZ,2008,357.5275
126,AZ,2009,300.45500000000004
127,AZ,2010,263.375
128,AZ,2011,234.9925
129,AZ,2012,244.4075
130,AZ,2013,277.46
131,AZ,2014,303.075
132,AZ,2015,321.71250000000003
133,AZ,2016,343.775
134,AZ,2017,371.255
135,AZ,2018,402.125
136,AZ,2019,429.16
137,AZ,2020,452.43
138,AR,1975,63.9625
139,AR,1976,69.9025
140,AR,1977,77.3475
141,AR,1978,84.45750000000001
142,AR,1979,97.7225
143,AR,1980,104.405
144,AR,1981,107.74
145,AR,1982,107.61
146,AR,1983,117.105
147,AR,1984,120.2875
148,AR,1985,122.86000000000001
149,AR,1986,127.72
150,AR,1987,128.39749999999998
151,AR,1988,127.2175
152,AR,1989,127.8175
153,AR,1990,128.64249999999998
154,AR,1991,131.70999999999998
155,AR,1992,135.995
156,AR,1993,142.175
157,AR,1994,150.2925
158,AR,1995,157.3775
159,AR,1996,163.0175
160,AR,1997,167.91750000000002
161,AR,1998,174.0775
162,AR,1999,178.39249999999998
163,AR,2000,182.62
164,AR,2001,192.3675
165,AR,2002,198.73999999999998
166,AR,2003,206.945
167,AR,2004,218.92499999999998
168,AR,2005,234.94
169,AR,2006,249.3
170,AR,2007,256.645
171,AR,2008,255.755
172,AR,2009,252.5075
173,AR,2010,246.0725
174,AR,2011,241.99
175,AR,2012,243.26999999999998
176,AR,2013,246.76999999999998
177,AR,2014,249.895
178,AR,2015,256.19
179,AR,2016,263.5175
180,AR,2017,273.3175
181,AR,2018,284.0975
182,AR,2019,295.6075
183,AR,2020,303.61
184,CA,1975,43.59
185,CA,1976,51.737500000000004
186,CA,1977,64.855
187,CA,1978,77.325
188,CA,1979,90.71000000000001
189,CA,1980,104.46000000000001
190,CA,1981,114.4875
191,CA,1982,116.4075
192,CA,1983,117.725
193,CA,1984,121.19
194,CA,1985,127.7575
195,CA,1986,136.5475
196,CA,1987,150.84000000000003
197,CA,1988,174.595
198,CA,1989,211.335
199,CA,1990,228.76
200,CA,1991,227.91500000000002
201,CA,1992,225.08500000000004
202,CA,1993,216.56
203,CA,1994,205.96249999999998
204,CA,1995,202.14999999999998
205,CA,1996,201.63000000000002
206,CA,1997,207.0025
207,CA,1998,224.32999999999998
208,CA,1999,242.27
209,CA,2000,272.66749999999996
210,CA,2001,307.425
211,CA,2002,341.7625
212,CA,2003,384.3725
213,CA,2004,471.75
214,CA,2005,582.37
215,CA,2006,641.6500000000001
216,CA,2007,606.86
217,CA,2008,485.765
218,CA,2009,420.33250000000004
219,CA,2010,407.6675
220,CA,2011,386.2925
221,CA,2012,386.68
222,CA,2013,435.5475
223,CA,2014,489.10749999999996
224,CA,2015,523.9575
225,CA,2016,561.3575
226,CA,2017,602.6999999999999
227,CA,2018,645.2975
228,CA,2019,667.1675
229,CA,2020,683.365
230,CO,1975,54.6725
231,CO,1976,59.19
232,CO,1977,68.155
233,CO,1978,82.1025
234,CO,1979,96.0625
235,CO,1980,104.155
236,CO,1981,111.36000000000001
237,CO,1982,122.905
238,CO,1983,125.41
239,CO,1984,125.81
240,CO,1985,126.2725
241,CO,1986,129.2925
242,CO,1987,127.4225
243,CO,1988,124.75999999999999
244,CO,1989,125.7425
245,CO,1990,128.57
246,CO,1991,133.4375
247,CO,1992,142.6275
248,CO,1993,155.5675
249,CO,1994,174.565
250,CO,1995,188.5
251,CO,1996,199.825
252,CO,1997,210.54
253,CO,1998,223.0875
254,CO,1999,242.41
255,CO,2000,270.6925
256,CO,2001,296.055
257,CO,2002,310.86249999999995
258,CO,2003,318.915
259,CO,2004,330.12
260,CO,2005,346.115
261,CO,2006,356.52750000000003
262,CO,2007,360.7925
263,CO,2008,357.3075
264,CO,2009,351.58
265,CO,2010,340.3425
266,CO,2011,329.9275
267,CO,2012,334.5675
268,CO,2013,355.08
269,CO,2014,384.7025
270,CO,2015,426.01250000000005
271,CO,2016,471.0725
272,CO,2017,515.6875
273,CO,2018,560.81
274,CO,2019,589.135
275,CO,2020,606.825
276,CT,1975,61.99
277,CT,1976,65.94
278,CT,1977,68.9025
279,CT,1978,81.9375
280,CT,1979,98.63999999999999
281,CT,1980,102.52250000000001
282,CT,1981,109.8625
283,CT,1982,111.38749999999999
284,CT,1983,121.8975
285,CT,1984,136.6925
286,CT,1985,157.8625
287,CT,1986,192.6225
288,CT,1987,241.9325
289,CT,1988,265.175
290,CT,1989,261.27750000000003
291,CT,1990,248.17749999999998
292,CT,1991,236.195
293,CT,1992,233.6175
294,CT,1993,229.73000000000002
295,CT,1994,222.41
296,CT,1995,221.16
297,CT,1996,224.22750000000002
298,CT,1997,226.85
299,CT,1998,238.20999999999998
300,CT,1999,250.96249999999998
301,CT,2000,270.4175
302,CT,2001,294.2075
303,CT,2002,322.40250000000003
304,CT,2003,349.8225
305,CT,2004,392.03
306,CT,2005,439.93750000000006
307,CT,2006,464.76500000000004
308,CT,2007,465.8275
309,CT,2008,445.845
310,CT,2009,420.58500000000004
311,CT,2010,404.815
312,CT,2011,391.86500000000007
313,CT,2012,384.305
314,CT,2013,380.795
315,CT,2014,380.4775
316,CT,2015,386.71750000000003
317,CT,2016,389.605
318,CT,2017,393.1875
319,CT,2018,397.90999999999997
320,CT,2019,409.1975
321,CT,2020,418.96500000000003
322,DE,1975,89.69
323,DE,1976,83.13499999999999
324,DE,1977,82.83250000000001
325,DE,1978,85.96249999999999
326,DE,1979,91.59
327,DE,1980,106.47
328,DE,1981,109.16
329,DE,1982,112.71750000000002
330,DE,1983,122.02249999999998
331,DE,1984,130.345
332,DE,1985,142.1625
333,DE,1986,158.135
334,DE,1987,179.95000000000002
335,DE,1988,199.3075
336,DE,1989,218.76000000000002
337,DE,1990,225.875
338,DE,1991,229.6575
339,DE,1992,232.1825
340,DE,1993,233.2475
341,DE,1994,229.5975
342,DE,1995,230.11499999999998
343,DE,1996,234.055
344,DE,1997,237.15
345,DE,1998,244.92
346,DE,1999,254.2525
347,DE,2000,268.8375
348,DE,2001,288.4275
349,DE,2002,311.59000000000003
350,DE,2003,338.1625
351,DE,2004,384.8425
352,DE,2005,443.925
353,DE,2006,486.08
354,DE,2007,498.12
355,DE,2008,481.5925
356,DE,2009,455.47249999999997
357,DE,2010,436.01250000000005
358,DE,2011,411.6875
359,DE,2012,403.12
360,DE,2013,406.5425
361,DE,2014,413.42
362,DE,2015,423.8349999999999
363,DE,2016,434.5575
364,DE,2017,443.105
365,DE,2018,460.1975
366,DE,2019,478.7375
367,DE,2020,493.40999999999997
368,FL,1975,71.575
369,FL,1976,71.30499999999999
370,FL,1977,74.765
371,FL,1978,82.83
372,FL,1979,93.5925
373,FL,1980,103.82
374,FL,1981,111.91499999999999
375,FL,1982,121.2825
376,FL,1983,124.82
377,FL,1984,127.45
378,FL,1985,129.24
379,FL,1986,135.05249999999998
380,FL,1987,139.0675
381,FL,1988,144.9225
382,FL,1989,150.5525
383,FL,1990,153.4875
384,FL,1991,156.0625
385,FL,1992,160.29250000000002
386,FL,1993,163.8975
387,FL,1994,165.22000000000003
388,FL,1995,169.1525
389,FL,1996,173.89249999999998
390,FL,1997,178.6125
391,FL,1998,187.47
392,FL,1999,194.79749999999999
393,FL,2000,208.0225
394,FL,2001,228.725
395,FL,2002,252.145
396,FL,2003,278.8275
397,FL,2004,326.81
398,FL,2005,410.7025
399,FL,2006,475.72499999999997
400,FL,2007,463.38750000000005
401,FL,2008,384.08250000000004
402,FL,2009,327.20500000000004
403,FL,2010,295.165
404,FL,2011,272.6875
405,FL,2012,270.935
406,FL,2013,292.925
407,FL,2014,320.5
408,FL,2015,350.3025
409,FL,2016,382.99
410,FL,2017,417.28749999999997
411,FL,2018,450.2724999999999
412,FL,2019,477.84
413,FL,2020,498.515
414,GA,1975,73.6
415,GA,1976,75.53
416,GA,1977,77.59
417,GA,1978,84.36
418,GA,1979,91.66499999999999
419,GA,1980,101.3475
420,GA,1981,109.1225
421,GA,1982,114.88250000000001
422,GA,1983,119.48249999999999
423,GA,1984,126.2475
424,GA,1985,133.40250000000003
425,GA,1986,142.915
426,GA,1987,150.6925
427,GA,1988,156.16
428,GA,1989,159.4875
429,GA,1990,160.155
430,GA,1991,161.7675
431,GA,1992,165.96749999999997
432,GA,1993,170.55499999999998
433,GA,1994,174.34000000000003
434,GA,1995,180.80249999999998
435,GA,1996,189.12
436,GA,1997,197.62
437,GA,1998,209.635
438,GA,1999,222.41000000000003
439,GA,2000,235.85000000000002
440,GA,2001,253.12
441,GA,2002,264.59
442,GA,2003,274.7275
443,GA,2004,286.9825
444,GA,2005,303.06
445,GA,2006,316.8475
446,GA,2007,326.02
447,GA,2008,318.745
448,GA,2009,304.02
449,GA,2010,282.19000000000005
450,GA,2011,260.945
451,GA,2012,250.9125
452,GA,2013,261.08750000000003
453,GA,2014,278.8875
454,GA,2015,296.61249999999995
455,GA,2016,315.19
456,GA,2017,335.705
457,GA,2018,362.63
458,GA,2019,385.6875
459,GA,2020,400.52
460,HI,1975,56.35
461,HI,1976,55.52250000000001
462,HI,1977,59.99250000000001
463,HI,1978,68.075
464,HI,1979,84.4775
465,HI,1980,102.6625
466,HI,1981,84.1225
467,HI,1982,101.16250000000001
468,HI,1983,106.77
469,HI,1984,110.72000000000001
470,HI,1985,115.86749999999999
471,HI,1986,121.46249999999999
472,HI,1987,132.0725
473,HI,1988,154.8475
474,HI,1989,190.92000000000002
475,HI,1990,236.12
476,HI,1991,260.855
477,HI,1992,264.36999999999995
478,HI,1993,265.925
479,HI,1994,264.79499999999996
480,HI,1995,261.4125
481,HI,1996,248.6625
482,HI,1997,232.43249999999998
483,HI,1998,231.81
484,HI,1999,227.14249999999998
485,HI,2000,233.465
486,HI,2001,253.04250000000002
487,HI,2002,272.59999999999997
488,HI,2003,302.6075
489,HI,2004,371.745
490,HI,2005,462.5775
491,HI,2006,529.0575
492,HI,2007,539.7175
493,HI,2008,513.3375
494,HI,2009,468.9575
495,HI,2010,450.6975
496,HI,2011,443.78000000000003
497,HI,2012,449.21500000000003
498,HI,2013,474.1625
499,HI,2014,507.5525
500,HI,2015,539.9675
501,HI,2016,574.32
502,HI,2017,602.775
503,HI,2018,629.6475
504,HI,2019,653.5575
505,HI,2020,664.21
506,ID,1975,65.0575
507,ID,1976,68.9025
508,ID,1977,76.23249999999999
509,ID,1978,89.6525
510,ID,1979,97.21249999999999
511,ID,1980,100.91999999999999
512,ID,1981,106.97999999999999
513,ID,1982,105.9225
514,ID,1983,106.8825
515,ID,1984,109.3425
516,ID,1985,111.41
517,ID,1986,113.0925
518,ID,1987,111.525
519,ID,1988,111.51749999999998
520,ID,1989,115.48
521,ID,1990,123.7525
522,ID,1991,131.28
523,ID,1992,140.16
524,ID,1993,152.43
525,ID,1994,164.49
526,ID,1995,173.6275
527,ID,1996,179.58249999999998
528,ID,1997,184.6725
529,ID,1998,191.26749999999998
530,ID,1999,194.6725
531,ID,2000,197.985
532,ID,2001,208.39
533,ID,2002,214.7225
534,ID,2003,223.36999999999998
535,ID,2004,239.79999999999998
536,ID,2005,275.875
537,ID,2006,322.13
538,ID,2007,341.07500000000005
539,ID,2008,332.23749999999995
540,ID,2009,309.9175
541,ID,2010,281.06
542,ID,2011,255.95000000000002
543,ID,2012,258.84749999999997
544,ID,2013,272.8875
545,ID,2014,288.65000000000003
546,ID,2015,306.40999999999997
547,ID,2016,329.165
548,ID,2017,359.84250000000003
549,ID,2018,404.2175
550,ID,2019,447.885
551,ID,2020,477.76
552,IL,1975,64.86749999999999
553,IL,1976,71.16
554,IL,1977,84.0975
555,IL,1978,97.505
556,IL,1979,99.94500000000001
557,IL,1980,100.69250000000001
558,IL,1981,105.8925
559,IL,1982,101.92
560,IL,1983,104.98750000000001
561,IL,1984,110.6025
562,IL,1985,115.81249999999999
563,IL,1986,124.16
564,IL,1987,136.4125
565,IL,1988,149.0025
566,IL,1989,160.345
567,IL,1990,168.6275
568,IL,1991,175.07
569,IL,1992,181.5825
570,IL,1993,187.85500000000002
571,IL,1994,196.1125
572,IL,1995,203.7425
573,IL,1996,210.845
574,IL,1997,217.22750000000002
575,IL,1998,224.27
576,IL,1999,233.1825
577,IL,2000,247.82999999999998
578,IL,2001,262.6975
579,IL,2002,278.915
580,IL,2003,293.8
581,IL,2004,318.3225
582,IL,2005,346.53499999999997
583,IL,2006,366.0425
584,IL,2007,371.35
585,IL,2008,356.965
586,IL,2009,333.1225
587,IL,2010,315.98
588,IL,2011,300.77
589,IL,2012,295.2825
590,IL,2013,296.32500000000005
591,IL,2014,305.555
592,IL,2015,316.2975
593,IL,2016,325.97749999999996
594,IL,2017,335.505
595,IL,2018,344.1225
596,IL,2019,354.4275
597,IL,2020,360.095
598,IN,1975,63.4875
599,IN,1976,65.3375
600,IN,1977,73.605
601,IN,1978,85.4675
602,IN,1979,96.33249999999998
603,IN,1980,100.385
604,IN,1981,104.625
605,IN,1982,103.5225
606,IN,1983,105.61249999999998
607,IN,1984,106.885
608,IN,1985,111.28
609,IN,1986,117.2625
610,IN,1987,123.435
611,IN,1988,129.4875
612,IN,1989,134.9425
613,IN,1990,139.575
614,IN,1991,145.13
615,IN,1992,151.1775
616,IN,1993,156.77
617,IN,1994,163.7025
618,IN,1995,171.7525
619,IN,1996,180.24750000000003
620,IN,1997,187.85750000000002
621,IN,1998,196.115
622,IN,1999,202.38750000000002
623,IN,2000,208.7425
624,IN,2001,219.08249999999998
625,IN,2002,225.3775
626,IN,2003,231.505
627,IN,2004,238.02499999999998
628,IN,2005,246.7025
629,IN,2006,250.505
630,IN,2007,254.015
631,IN,2008,252.425
632,IN,2009,248.29250000000002
633,IN,2010,243.26
634,IN,2011,239.33999999999997
635,IN,2012,239.7875
636,IN,2013,242.115
637,IN,2014,247.005
638,IN,2015,256.22249999999997
639,IN,2016,265.2525
640,IN,2017,277.6675
641,IN,2018,296.485
642,IN,2019,313.74
643,IN,2020,324.76
644,IA,1975,63.06750000000001
645,IA,1976,70.8025
646,IA,1977,79.545
647,IA,1978,90.78
648,IA,1979,100.0575
649,IA,1980,99.995
650,IA,1981,94.6875
651,IA,1982,93.825
652,IA,1983,98.695
653,IA,1984,99.98
654,IA,1985,102.0775
655,IA,1986,103.8925
656,IA,1987,104.69749999999999
657,IA,1988,106.8625
658,IA,1989,112.1275
659,IA,1990,117.845
660,IA,1991,123.32749999999999
661,IA,1992,128.6775
662,IA,1993,135.23000000000002
663,IA,1994,144.93
664,IA,1995,152.845
665,IA,1996,159.9075
666,IA,1997,166.2975
667,IA,1998,174.35999999999999
668,IA,1999,181.8925
669,IA,2000,189.3775
670,IA,2001,199.265
671,IA,2002,206.54749999999999
672,IA,2003,214.08249999999998
673,IA,2004,223.86749999999998
674,IA,2005,234.8575
675,IA,2006,241.07250000000002
676,IA,2007,246.29250000000002
677,IA,2008,247.465
678,IA,2009,247.28750000000002
679,IA,2010,245.5375
680,IA,2011,244.835
681,IA,2012,247.48999999999998
682,IA,2013,251.4875
683,IA,2014,256.625
684,IA,2015,265.03
685,IA,2016,274.5625
686,IA,2017,285.82
687,IA,2018,296.85499999999996
688,IA,2019,306.6675
689,IA,2020,312.74
690,KS,1975,63.18000000000001
691,KS,1976,68.475
692,KS,1977,76.8175
693,KS,1978,86.785
694,KS,1979,95.57749999999999
695,KS,1980,102.1775
696,KS,1981,102.7725
697,KS,1982,105.1975
698,KS,1983,107.475
699,KS,1984,108.03249999999998
700,KS,1985,109.85249999999999
701,KS,1986,114.0425
702,KS,1987,116.9075
703,KS,1988,117.94250000000001
704,KS,1989,119.44500000000001
705,KS,1990,119.68
706,KS,1991,120.955
707,KS,1992,124.33250000000001
708,KS,1993,128.1225
709,KS,1994,136.4325
710,KS,1995,143.8475
711,KS,1996,150.64999999999998
712,KS,1997,156.835
713,KS,1998,164.6925
714,KS,1999,173.22000000000003
715,KS,2000,182.0925
716,KS,2001,191.9525
717,KS,2002,200.28500000000003
718,KS,2003,207.14
719,KS,2004,216.1325
720,KS,2005,225.905
721,KS,2006,233.065
722,KS,2007,239.2125
723,KS,2008,238.85750000000002
724,KS,2009,237.915
725,KS,2010,235.325
726,KS,2011,231.805
727,KS,2012,232.3075
728,KS,2013,234.47249999999997
729,KS,2014,240.0325
730,KS,2015,248.37
731,KS,2016,259.3825
732,KS,2017,271.015
733,KS,2018,285.325
734,KS,2019,298.7575
735,KS,2020,308.245
736,KY,1975,66.46000000000001
737,KY,1976,69.25
738,KY,1977,74.7825
739,KY,1978,86.465
740,KY,1979,97.5475
741,KY,1980,101.85249999999999
742,KY,1981,105.365
743,KY,1982,106.505
744,KY,1983,109.565
745,KY,1984,112.38
746,KY,1985,115.565
747,KY,1986,121.125
748,KY,1987,127.6325
749,KY,1988,134.18
750,KY,1989,140.5025
751,KY,1990,144.525
752,KY,1991,149.3275
753,KY,1992,154.7575
754,KY,1993,160.39
755,KY,1994,170.06
756,KY,1995,179.075
757,KY,1996,187.21249999999998
758,KY,1997,195.47500000000002
759,KY,1998,204.1325
760,KY,1999,212.9325
761,KY,2000,222.11249999999998
762,KY,2001,233.02499999999998
763,KY,2002,240.815
764,KY,2003,249.60500000000002
765,KY,2004,261.38
766,KY,2005,274.48
767,KY,2006,283.385
768,KY,2007,290.135
769,KY,2008,291.8525
770,KY,2009,289.53999999999996
771,KY,2010,286.09000000000003
772,KY,2011,282.6175
773,KY,2012,284.145
774,KY,2013,285.8925
775,KY,2014,289.77750000000003
776,KY,2015,300.1425
777,KY,2016,312.11
778,KY,2017,327.4375
779,KY,2018,343.1375
780,KY,2019,358.5025
781,KY,2020,369.425
782,LA,1975,54.03
783,LA,1976,59.5375
784,LA,1977,64.76
785,LA,1978,76.6225
786,LA,1979,93.2325
787,LA,1980,100.89750000000001
788,LA,1981,109.9075
789,LA,1982,115.15749999999998
790,LA,1983,116.505
791,LA,1984,116.1675
792,LA,1985,112.25750000000001
793,LA,1986,112.69
794,LA,1987,107.745
795,LA,1988,101.39750000000001
796,LA,1989,101.48249999999999
797,LA,1990,102.795
798,LA,1991,105.68
799,LA,1992,111.13499999999999
800,LA,1993,116.73
801,LA,1994,124.17499999999998
802,LA,1995,130.12
803,LA,1996,136.9075
804,LA,1997,142.92499999999998
805,LA,1998,150.52999999999997
806,LA,1999,156.4325
807,LA,2000,161.8775
808,LA,2001,170.7225
809,LA,2002,177.37
810,LA,2003,186.2175
811,LA,2004,196.52
812,LA,2005,210.015
813,LA,2006,232.755
814,LA,2007,244.6325
815,LA,2008,245.505
816,LA,2009,244.72500000000002
817,LA,2010,241.04500000000002
818,LA,2011,238.32
819,LA,2012,241.5125
820,LA,2013,244.98999999999998
821,LA,2014,250.6675
822,LA,2015,260.4
823,LA,2016,270.105
824,LA,2017,277.3025
825,LA,2018,283.10749999999996
826,LA,2019,292.40999999999997
827,LA,2020,300.01
828,ME,1975,71.0625
829,ME,1976,70.2725
830,ME,1977,82.1625
831,ME,1978,90.1025
832,ME,1979,104.09
833,ME,1980,104.8025
834,ME,1981,116.6825
835,ME,1982,117.13999999999999
836,ME,1983,123.70500000000001
837,ME,1984,139.18
838,ME,1985,155.15
839,ME,1986,178.37749999999997
840,ME,1987,209.93
841,ME,1988,233.55499999999998
842,ME,1989,243.995
843,ME,1990,239.825
844,ME,1991,232.78499999999997
845,ME,1992,232.2025
846,ME,1993,231.3175
847,ME,1994,226.6025
848,ME,1995,228.5575
849,ME,1996,235.39999999999998
850,ME,1997,240.0925
851,ME,1998,252.31
852,ME,1999,267.345
853,ME,2000,289.755
854,ME,2001,318.23
855,ME,2002,349.76249999999993
856,ME,2003,381.8925
857,ME,2004,429.625
858,ME,2005,478.3075
859,ME,2006,498.7025
860,ME,2007,506.0
861,ME,2008,497.7825
862,ME,2009,476.795
863,ME,2010,460.3
864,ME,2011,451.4625
865,ME,2012,446.10999999999996
866,ME,2013,448.2775
867,ME,2014,454.515
868,ME,2015,468.1
869,ME,2016,486.95750000000004
870,ME,2017,510.485
871,ME,2018,538.665
872,ME,2019,568.1975
873,ME,2020,590.63
874,MD,1975,63.99250000000001
875,MD,1976,69.7525
876,MD,1977,74.85000000000001
877,MD,1978,84.9125
878,MD,1979,95.2125
879,MD,1980,103.9325
880,MD,1981,112.2175
881,MD,1982,113.58
882,MD,1983,116.15249999999999
883,MD,1984,122.75999999999999
884,MD,1985,129.39249999999998
885,MD,1986,139.3625
886,MD,1987,156.20499999999998
887,MD,1988,176.22
888,MD,1989,194.4075
889,MD,1990,202.9075
890,MD,1991,206.43
891,MD,1992,210.715
892,MD,1993,212.3
893,MD,1994,210.95499999999998
894,MD,1995,211.8325
895,MD,1996,215.54999999999998
896,MD,1997,217.565
897,MD,1998,224.01500000000001
898,MD,1999,230.89
899,MD,2000,243.65
900,MD,2001,263.335
901,MD,2002,290.87
902,MD,2003,322.0925
903,MD,2004,380.395
904,MD,2005,462.1775
905,MD,2006,521.3675
906,MD,2007,530.385
907,MD,2008,491.1125
908,MD,2009,445.27
909,MD,2010,423.8125
910,MD,2011,406.81499999999994
911,MD,2012,403.24
912,MD,2013,410.0775
913,MD,2014,421.23
914,MD,2015,432.01
915,MD,2016,444.72249999999997
916,MD,2017,458.54749999999996
917,MD,2018,472.645
918,MD,2019,487.97249999999997
919,MD,2020,499.89
920,MA,1975,67.99499999999999
921,MA,1976,69.255
922,MA,1977,72.685
923,MA,1978,82.99499999999999
924,MA,1979,95.61250000000001
925,MA,1980,105.65249999999999
926,MA,1981,119.20750000000001
927,MA,1982,126.26250000000002
928,MA,1983,140.09000000000003
929,MA,1984,169.89000000000001
930,MA,1985,212.15249999999997
931,MA,1986,260.91
932,MA,1987,299.76750000000004
933,MA,1988,315.115
934,MA,1989,315.9025
935,MA,1990,303.0625
936,MA,1991,286.66249999999997
937,MA,1992,283.72249999999997
938,MA,1993,284.4425
939,MA,1994,284.0425
940,MA,1995,289.8425
941,MA,1996,300.2925
942,MA,1997,313.5475
943,MA,1998,335.38
944,MA,1999,370.31499999999994
945,MA,2000,423.77250000000004
946,MA,2001,474.98
947,MA,2002,532.7650000000001
948,MA,2003,583.7925
949,MA,2004,649.4875
950,MA,2005,710.2475000000001
951,MA,2006,715.33
952,MA,2007,691.9925
953,MA,2008,655.13
954,MA,2009,625.405
955,MA,2010,613.5625
956,MA,2011,602.2950000000001
957,MA,2012,600.1825
958,MA,2013,614.5375
959,MA,2014,641.735
960,MA,2015,670.2625
961,MA,2016,703.5149999999999
962,MA,2017,745.1875
963,MA,2018,786.765
964,MA,2019,822.1075
965,MA,2020,845.845
966,MI,1975,61.97749999999999
967,MI,1976,64.24499999999999
968,MI,1977,69.7875
969,MI,1978,81.1825
970,MI,1979,96.5275
971,MI,1980,101.6325
972,MI,1981,104.515
973,MI,1982,97.60499999999999
974,MI,1983,96.5575
975,MI,1984,97.3875
976,MI,1985,101.77
977,MI,1986,110.2375
978,MI,1987,122.295
979,MI,1988,131.73250000000002
980,MI,1989,140.4675
981,MI,1990,147.675
982,MI,1991,153.3475
983,MI,1992,158.815
984,MI,1993,163.19
985,MI,1994,171.4425
986,MI,1995,183.59000000000003
987,MI,1996,198.035
988,MI,1997,213.085
989,MI,1998,226.3475
990,MI,1999,241.51749999999998
991,MI,2000,258.9775
992,MI,2001,274.0875
993,MI,2002,286.02750000000003
994,MI,2003,295.765
995,MI,2004,307.3825
996,MI,2005,317.5825
997,MI,2006,312.755
998,MI,2007,299.65999999999997
999,MI,2008,276.52
1000,MI,2009,256.36
1001,MI,2010,238.835
1002,MI,2011,229.6275
1003,MI,2012,229.93
1004,MI,2013,244.17
1005,MI,2014,261.5125
1006,MI,2015,276.1275
1007,MI,2016,291.485
1008,MI,2017,312.275
1009,MI,2018,332.995
1010,MI,2019,351.0775
1011,MI,2020,360.83000000000004
1012,MN,1975,57.184999999999995
1013,MN,1976,63.0025
1014,MN,1977,70.84
1015,MN,1978,82.9075
1016,MN,1979,95.63499999999999
1017,MN,1980,103.36749999999999
1018,MN,1981,103.24
1019,MN,1982,107.94500000000001
1020,MN,1983,112.42250000000001
1021,MN,1984,114.8075
1022,MN,1985,117.77499999999999
1023,MN,1986,122.575
1024,MN,1987,128.8175
1025,MN,1988,133.2075
1026,MN,1989,137.2025
1027,MN,1990,139.6825
1028,MN,1991,143.6575
1029,MN,1992,148.4375
1030,MN,1993,154.0
1031,MN,1994,160.3725
1032,MN,1995,168.01999999999998
1033,MN,1996,176.5175
1034,MN,1997,185.1125
1035,MN,1998,196.075
1036,MN,1999,212.0225
1037,MN,2000,234.2425
1038,MN,2001,258.4225
1039,MN,2002,281.71500000000003
1040,MN,2003,302.60749999999996
1041,MN,2004,330.34000000000003
1042,MN,2005,357.275
1043,MN,2006,366.7825
1044,MN,2007,364.1975
1045,MN,2008,346.1525
1046,MN,2009,327.97249999999997
1047,MN,2010,311.045
1048,MN,2011,295.375
1049,MN,2012,293.8275
1050,MN,2013,307.005
1051,MN,2014,321.7175
1052,MN,2015,334.82500000000005
1053,MN,2016,350.97
1054,MN,2017,373.15
1055,MN,2018,395.40999999999997
1056,MN,2019,413.5225
1057,MN,2020,424.85
1058,MS,1975,73.2675
1059,MS,1976,75.52499999999999
1060,MS,1977,79.58500000000001
1061,MS,1978,89.725
1062,MS,1979,99.885
1063,MS,1980,101.44
1064,MS,1981,103.375
1065,MS,1982,106.875
1066,MS,1983,113.0575
1067,MS,1984,115.495
1068,MS,1985,122.3175
1069,MS,1986,124.98749999999998
1070,MS,1987,125.2825
1071,MS,1988,123.4675
1072,MS,1989,123.63000000000001
1073,MS,1990,125.63
1074,MS,1991,127.6225
1075,MS,1992,132.415
1076,MS,1993,136.555
1077,MS,1994,143.7975
1078,MS,1995,150.8
1079,MS,1996,157.2775
1080,MS,1997,162.91500000000002
1081,MS,1998,171.3775
1082,MS,1999,178.59
1083,MS,2000,184.0125
1084,MS,2001,193.7525
1085,MS,2002,198.695
1086,MS,2003,205.22500000000002
1087,MS,2004,213.1225
1088,MS,2005,225.45250000000001
1089,MS,2006,245.1125
1090,MS,2007,257.2525
1091,MS,2008,256.78999999999996
1092,MS,2009,251.9475
1093,MS,2010,243.5625
1094,MS,2011,239.2
1095,MS,2012,238.78
1096,MS,2013,238.04500000000002
1097,MS,2014,241.20250000000001
1098,MS,2015,248.87
1099,MS,2016,255.45
1100,MS,2017,261.86750000000006
1101,MS,2018,269.3975
1102,MS,2019,280.65000000000003
1103,MS,2020,288.365
1104,MO,1975,67.3875
1105,MO,1976,70.78
1106,MO,1977,77.47
1107,MO,1978,89.23249999999999
1108,MO,1979,99.48250000000002
1109,MO,1980,105.47
1110,MO,1981,103.10000000000001
1111,MO,1982,103.2125
1112,MO,1983,109.5025
1113,MO,1984,116.60499999999999
1114,MO,1985,123.9575
1115,MO,1986,130.70999999999998
1116,MO,1987,138.94750000000002
1117,MO,1988,142.87
1118,MO,1989,145.4375
1119,MO,1990,146.59250000000003
1120,MO,1991,148.58749999999998
1121,MO,1992,152.0225
1122,MO,1993,155.0125
1123,MO,1994,162.0725
1124,MO,1995,169.4575
1125,MO,1996,176.7575
1126,MO,1997,184.01
1127,MO,1998,191.47500000000002
1128,MO,1999,200.77249999999998
1129,MO,2000,212.34
1130,MO,2001,224.965
1131,MO,2002,237.355
1132,MO,2003,248.10000000000002
1133,MO,2004,263.7125
1134,MO,2005,281.145
1135,MO,2006,292.3025
1136,MO,2007,297.59999999999997
1137,MO,2008,292.915
1138,MO,2009,285.05499999999995
1139,MO,2010,276.97749999999996
1140,MO,2011,268.72749999999996
1141,MO,2012,267.8125
1142,MO,2013,268.58250000000004
1143,MO,2014,274.41999999999996
1144,MO,2015,284.72749999999996
1145,MO,2016,297.34
1146,MO,2017,310.8975
1147,MO,2018,328.515
1148,MO,2019,344.49499999999995
1149,MO,2020,355.125
1150,MT,1975,57.245000000000005
1151,MT,1976,63.34
1152,MT,1977,73.38
1153,MT,1978,89.8475
1154,MT,1979,98.7175
1155,MT,1980,100.28999999999999
1156,MT,1981,102.47749999999999
1157,MT,1982,108.015
1158,MT,1983,106.60249999999999
1159,MT,1984,117.1925
1160,MT,1985,114.695
1161,MT,1986,115.30250000000001
1162,MT,1987,109.51499999999999
1163,MT,1988,111.26249999999999
1164,MT,1989,113.005
1165,MT,1990,118.255
1166,MT,1991,124.8275
1167,MT,1992,136.68499999999997
1168,MT,1993,150.56
1169,MT,1994,166.4425
1170,MT,1995,177.96750000000003
1171,MT,1996,187.055
1172,MT,1997,192.535
1173,MT,1998,199.2025
1174,MT,1999,204.17999999999998
1175,MT,2000,212.1475
1176,MT,2001,224.08749999999998
1177,MT,2002,236.2425
1178,MT,2003,251.5325
1179,MT,2004,276.1925
1180,MT,2005,310.72749999999996
1181,MT,2006,346.26
1182,MT,2007,370.94
1183,MT,2008,375.8125
1184,MT,2009,367.8125
1185,MT,2010,352.705
1186,MT,2011,342.67999999999995
1187,MT,2012,348.32250000000005
1188,MT,2013,361.1225
1189,MT,2014,374.975
1190,MT,2015,391.4375
1191,MT,2016,407.71000000000004
1192,MT,2017,427.745
1193,MT,2018,453.335
1194,MT,2019,478.0925
1195,MT,2020,496.31
1196,NE,1975,64.045
1197,NE,1976,68.245
1198,NE,1977,76.19
1199,NE,1978,84.545
1200,NE,1979,95.65
1201,NE,1980,102.7475
1202,NE,1981,101.875
1203,NE,1982,107.865
1204,NE,1983,110.43749999999999
1205,NE,1984,111.805
1206,NE,1985,112.8875
1207,NE,1986,115.93750000000001
1208,NE,1987,116.4725
1209,NE,1988,117.9275
1210,NE,1989,121.105
1211,NE,1990,125.78
1212,NE,1991,129.955
1213,NE,1992,135.9075
1214,NE,1993,142.2575
1215,NE,1994,152.82250000000002
1216,NE,1995,161.3275
1217,NE,1996,170.1175
1218,NE,1997,178.73250000000002
1219,NE,1998,186.945
1220,NE,1999,195.0725
1221,NE,2000,201.93749999999997
1222,NE,2001,210.3275
1223,NE,2002,217.165
1224,NE,2003,223.82
1225,NE,2004,234.48
1226,NE,2005,244.83749999999998
1227,NE,2006,249.39499999999998
1228,NE,2007,252.3825
1229,NE,2008,251.615
1230,NE,2009,250.7275
1231,NE,2010,248.89
1232,NE,2011,248.2125
1233,NE,2012,251.2425
1234,NE,2013,257.61
1235,NE,2014,266.3725
1236,NE,2015,278.4625
1237,NE,2016,290.32
1238,NE,2017,308.295
1239,NE,2018,326.14750000000004
1240,NE,2019,343.22999999999996
1241,NE,2020,352.37
1242,NV,1975,48.76500000000001
1243,NV,1976,60.120000000000005
1244,NV,1977,66.7775
1245,NV,1978,83.4575
1246,NV,1979,96.3
1247,NV,1980,102.6525
1248,NV,1981,114.60000000000001
1249,NV,1982,121.27250000000001
1250,NV,1983,118.2625
1251,NV,1984,117.3
1252,NV,1985,118.33500000000001
1253,NV,1986,123.63749999999999
1254,NV,1987,125.795
1255,NV,1988,127.94
1256,NV,1989,134.32
1257,NV,1990,144.45
1258,NV,1991,153.2475
1259,NV,1992,159.07750000000001
1260,NV,1993,162.82
1261,NV,1994,165.485
1262,NV,1995,171.2575
1263,NV,1996,176.4925
1264,NV,1997,180.5825
1265,NV,1998,185.9675
1266,NV,1999,188.16499999999996
1267,NV,2000,193.9675
1268,NV,2001,206.4775
1269,NV,2002,219.6775
1270,NV,2003,239.1675
1271,NV,2004,307.7625
1272,NV,2005,379.9675
1273,NV,2006,412.03000000000003
1274,NV,2007,393.60249999999996
1275,NV,2008,314.405
1276,NV,2009,252.04500000000002
1277,NV,2010,217.015
1278,NV,2011,189.2025
1279,NV,2012,186.43
1280,NV,2013,216.97
1281,NV,2014,251.2625
1282,NV,2015,278.385
1283,NV,2016,303.93
1284,NV,2017,334.03499999999997
1285,NV,2018,378.695
1286,NV,2019,402.85249999999996
1287,NV,2020,416.16999999999996
1288,NH,1975,59.1775
1289,NH,1976,65.97999999999999
1290,NH,1977,69.75
1291,NH,1978,79.695
1292,NH,1979,93.485
1293,NH,1980,99.6725
1294,NH,1981,101.78750000000001
1295,NH,1982,105.4825
1296,NH,1983,113.6475
1297,NH,1984,130.21
1298,NH,1985,155.85999999999999
1299,NH,1986,191.4875
1300,NH,1987,220.425
1301,NH,1988,228.35
1302,NH,1989,228.8075
1303,NH,1990,214.17749999999998
1304,NH,1991,196.94749999999996
1305,NH,1992,190.76749999999998
1306,NH,1993,189.51
1307,NH,1994,187.14
1308,NH,1995,189.64
1309,NH,1996,196.07250000000002
1310,NH,1997,203.455
1311,NH,1998,216.57
1312,NH,1999,235.3125
1313,NH,2000,266.755
1314,NH,2001,299.5325
1315,NH,2002,335.2675
1316,NH,2003,366.85749999999996
1317,NH,2004,408.185
1318,NH,2005,451.3875
1319,NH,2006,464.6125
1320,NH,2007,457.625
1321,NH,2008,436.13
1322,NH,2009,409.33500000000004
1323,NH,2010,393.6125
1324,NH,2011,381.02
1325,NH,2012,375.255
1326,NH,2013,378.3075
1327,NH,2014,390.1875
1328,NH,2015,405.8325
1329,NH,2016,422.49249999999995
1330,NH,2017,445.19000000000005
1331,NH,2018,473.36
1332,NH,2019,497.8775
1333,NH,2020,518.875
1334,NJ,1975,61.685
1335,NJ,1976,63.5775
1336,NJ,1977,67.0075
1337,NJ,1978,75.07249999999999
1338,NJ,1979,89.5625
1339,NJ,1980,101.575
1340,NJ,1981,106.32
1341,NJ,1982,110.99499999999999
1342,NJ,1983,115.6425
1343,NJ,1984,131.9125
1344,NJ,1985,152.01
1345,NJ,1986,183.70499999999998
1346,NJ,1987,224.265
1347,NJ,1988,245.2
1348,NJ,1989,246.4075
1349,NJ,1990,237.945
1350,NJ,1991,229.725
1351,NJ,1992,232.30999999999997
1352,NJ,1993,235.53750000000002
1353,NJ,1994,234.595
1354,NJ,1995,234.7725
1355,NJ,1996,239.2525
1356,NJ,1997,242.935
1357,NJ,1998,253.2975
1358,NJ,1999,266.03749999999997
1359,NJ,2000,289.82
1360,NJ,2001,318.48249999999996
1361,NJ,2002,357.0
1362,NJ,2003,395.0725
1363,NJ,2004,454.1625
1364,NJ,2005,525.73
1365,NJ,2006,571.1025000000001
1366,NJ,2007,570.5174999999999
1367,NJ,2008,539.32
1368,NJ,2009,501.78249999999997
1369,NJ,2010,484.165
1370,NJ,2011,464.8275
1371,NJ,2012,452.3175
1372,NJ,2013,454.07
1373,NJ,2014,464.71
1374,NJ,2015,476.98750000000007
1375,NJ,2016,489.5875
1376,NJ,2017,501.695
1377,NJ,2018,518.8575000000001
1378,NJ,2019,538.595
1379,NJ,2020,552.985
1380,NM,1975,57.699999999999996
1381,NM,1976,62.6525
1382,NM,1977,72.255
1383,NM,1978,80.04249999999999
1384,NM,1979,92.645
1385,NM,1980,100.46000000000001
1386,NM,1981,111.12750000000001
1387,NM,1982,125.17999999999999
1388,NM,1983,125.5925
1389,NM,1984,125.14249999999998
1390,NM,1985,127.40500000000002
1391,NM,1986,132.22
1392,NM,1987,133.0025
1393,NM,1988,130.6725
1394,NM,1989,132.5425
1395,NM,1990,133.89000000000001
1396,NM,1991,137.9925
1397,NM,1992,145.5075
1398,NM,1993,154.62
1399,NM,1994,170.3325
1400,NM,1995,182.1375
1401,NM,1996,187.0325
1402,NM,1997,190.605
1403,NM,1998,195.26999999999998
1404,NM,1999,197.55249999999998
1405,NM,2000,199.7175
1406,NM,2001,208.35500000000002
1407,NM,2002,215.90500000000003
1408,NM,2003,226.9175
1409,NM,2004,243.35250000000002
1410,NM,2005,272.35
1411,NM,2006,308.525
1412,NM,2007,328.0275
1413,NM,2008,323.865
1414,NM,2009,310.6375
1415,NM,2010,299.005
1416,NM,2011,285.3275
1417,NM,2012,280.2725
1418,NM,2013,282.605
1419,NM,2014,285.0625
1420,NM,2015,291.0625
1421,NM,2016,299.805
1422,NM,2017,309.97
1423,NM,2018,321.675
1424,NM,2019,339.325
1425,NM,2020,353.83
1426,NY,1975,77.945
1427,NY,1976,74.5325
1428,NY,1977,81.975
1429,NY,1978,84.7875
1430,NY,1979,96.2225
1431,NY,1980,108.26
1432,NY,1981,112.97
1433,NY,1982,129.28
1434,NY,1983,136.85750000000002
1435,NY,1984,159.73000000000002
1436,NY,1985,187.805
1437,NY,1986,222.1325
1438,NY,1987,259.97749999999996
1439,NY,1988,281.11749999999995
1440,NY,1989,284.67999999999995
1441,NY,1990,282.58500000000004
1442,NY,1991,279.815
1443,NY,1992,285.895
1444,NY,1993,287.5
1445,NY,1994,281.345
1446,NY,1995,280.0975
1447,NY,1996,285.335
1448,NY,1997,288.28999999999996
1449,NY,1998,303.0
1450,NY,1999,320.45
1451,NY,2000,349.7375
1452,NY,2001,382.55750000000006
1453,NY,2002,422.875
1454,NY,2003,466.3375
1455,NY,2004,526.3975
1456,NY,2005,594.6300000000001
1457,NY,2006,633.315
1458,NY,2007,637.0175
1459,NY,2008,618.1725
1460,NY,2009,591.5350000000001
1461,NY,2010,574.6899999999999
1462,NY,2011,562.755
1463,NY,2012,555.73
1464,NY,2013,559.9825000000001
1465,NY,2014,571.2175
1466,NY,2015,591.7450000000001
1467,NY,2016,613.1475
1468,NY,2017,643.0575
1469,NY,2018,678.035
1470,NY,2019,710.1675
1471,NY,2020,733.8399999999999
1472,NC,1975,68.01
1473,NC,1976,70.12249999999999
1474,NC,1977,76.7225
1475,NC,1978,84.97250000000001
1476,NC,1979,93.6875
1477,NC,1980,100.53
1478,NC,1981,105.5225
1479,NC,1982,109.395
1480,NC,1983,113.29999999999998
1481,NC,1984,121.64000000000001
1482,NC,1985,131.3075
1483,NC,1986,139.4975
1484,NC,1987,148.035
1485,NC,1988,154.1675
1486,NC,1989,158.6725
1487,NC,1990,161.965
1488,NC,1991,165.375
1489,NC,1992,170.19
1490,NC,1993,174.68
1491,NC,1994,182.3525
1492,NC,1995,191.42
1493,NC,1996,200.4
1494,NC,1997,210.02
1495,NC,1998,220.48499999999999
1496,NC,1999,228.82
1497,NC,2000,237.365
1498,NC,2001,250.01749999999998
1499,NC,2002,257.855
1500,NC,2003,265.925
1501,NC,2004,276.3625
1502,NC,2005,294.15999999999997
1503,NC,2006,315.38
1504,NC,2007,332.26
1505,NC,2008,335.7825
1506,NC,2009,328.02250000000004
1507,NC,2010,313.095
1508,NC,2011,301.655
1509,NC,2012,296.685
1510,NC,2013,299.135
1511,NC,2014,306.20500000000004
1512,NC,2015,319.605
1513,NC,2016,336.09250000000003
1514,NC,2017,355.2625
1515,NC,2018,379.3925
1516,NC,2019,401.64750000000004
1517,NC,2020,416.98
1518,ND,1975,64.21499999999999
1519,ND,1976,73.19
1520,ND,1977,81.50999999999999
1521,ND,1978,86.915
1522,ND,1979,98.345
1523,ND,1980,100.32000000000001
1524,ND,1981,106.46000000000001
1525,ND,1982,86.03
1526,ND,1983,101.43
1527,ND,1984,113.725
1528,ND,1985,110.51499999999999
1529,ND,1986,111.7225
1530,ND,1987,111.27499999999999
1531,ND,1988,107.91
1532,ND,1989,109.845
1533,ND,1990,111.365
1534,ND,1991,114.3925
1535,ND,1992,119.0325
1536,ND,1993,124.7825
1537,ND,1994,132.45499999999998
1538,ND,1995,138.96499999999997
1539,ND,1996,144.37
1540,ND,1997,147.79250000000002
1541,ND,1998,155.45999999999998
1542,ND,1999,157.8
1543,ND,2000,160.89
1544,ND,2001,169.0025
1545,ND,2002,176.53
1546,ND,2003,185.7375
1547,ND,2004,198.82
1548,ND,2005,214.86249999999998
1549,ND,2006,228.3675
1550,ND,2007,239.7025
1551,ND,2008,247.225
1552,ND,2009,250.73250000000002
1553,ND,2010,253.72750000000002
1554,ND,2011,263.11749999999995
1555,ND,2012,279.025
1556,ND,2013,305.3275
1557,ND,2014,327.4275
1558,ND,2015,345.8625
1559,ND,2016,354.69500000000005
1560,ND,2017,360.485
1561,ND,2018,364.83250000000004
1562,ND,2019,375.64750000000004
1563,ND,2020,380.34000000000003
1564,OH,1975,64.9825
1565,OH,1976,69.63749999999999
1566,OH,1977,77.03999999999999
1567,OH,1978,87.40250000000002
1568,OH,1979,98.445
1569,OH,1980,101.24249999999999
1570,OH,1981,102.9075
1571,OH,1982,101.16
1572,OH,1983,104.9525
1573,OH,1984,106.98
1574,OH,1985,109.885
1575,OH,1986,115.425
1576,OH,1987,123.4525
1577,OH,1988,131.275
1578,OH,1989,137.78250000000003
1579,OH,1990,143.9325
1580,OH,1991,149.7575
1581,OH,1992,156.3525
1582,OH,1993,162.4025
1583,OH,1994,170.13
1584,OH,1995,177.95
1585,OH,1996,187.0525
1586,OH,1997,195.14249999999998
1587,OH,1998,204.245
1588,OH,1999,211.835
1589,OH,2000,219.865
1590,OH,2001,231.58749999999998
1591,OH,2002,239.465
1592,OH,2003,247.185
1593,OH,2004,255.975
1594,OH,2005,265.0675
1595,OH,2006,266.3
1596,OH,2007,264.00750000000005
1597,OH,2008,257.235
1598,OH,2009,250.9675
1599,OH,2010,243.87
1600,OH,2011,235.7925
1601,OH,2012,234.185
1602,OH,2013,234.65750000000003
1603,OH,2014,241.1925
1604,OH,2015,250.6275
1605,OH,2016,260.7675
1606,OH,2017,274.1275
1607,OH,2018,290.21500000000003
1608,OH,2019,305.98749999999995
1609,OH,2020,317.015
1610,OK,1975,52.605000000000004
1611,OK,1976,59.095
1612,OK,1977,66.255
1613,OK,1978,78.86500000000001
1614,OK,1979,91.98
1615,OK,1980,101.04749999999999
1616,OK,1981,108.3025
1617,OK,1982,119.23250000000002
1618,OK,1983,125.4025
1619,OK,1984,120.7425
1620,OK,1985,116.47749999999999
1621,OK,1986,114.11
1622,OK,1987,105.3425
1623,OK,1988,97.61250000000001
1624,OK,1989,99.6425
1625,OK,1990,100.60000000000001
1626,OK,1991,103.86
1627,OK,1992,107.4025
1628,OK,1993,111.5375
1629,OK,1994,116.2825
1630,OK,1995,120.3
1631,OK,1996,125.1375
1632,OK,1997,128.8425
1633,OK,1998,135.1875
1634,OK,1999,140.6075
1635,OK,2000,146.14000000000001
1636,OK,2001,154.31
1637,OK,2002,160.345
1638,OK,2003,166.8575
1639,OK,2004,173.66000000000003
1640,OK,2005,182.53500000000003
1641,OK,2006,191.1325
1642,OK,2007,199.34
1643,OK,2008,203.32999999999998
1644,OK,2009,204.335
1645,OK,2010,202.9025
1646,OK,2011,199.6225
1647,OK,2012,202.505
1648,OK,2013,205.98499999999999
1649,OK,2014,211.95
1650,OK,2015,220.375
1651,OK,2016,226.475
1652,OK,2017,234.45
1653,OK,2018,241.77499999999998
1654,OK,2019,252.79500000000002
1655,OK,2020,260.38
1656,OR,1975,52.295
1657,OR,1976,59.3275
1658,OR,1977,72.1175
1659,OR,1978,86.25
1660,OR,1979,97.595
1661,OR,1980,101.5
1662,OR,1981,95.38
1663,OR,1982,98.06750000000001
1664,OR,1983,99.2575
1665,OR,1984,97.9925
1666,OR,1985,97.485
1667,OR,1986,98.5075
1668,OR,1987,99.6375
1669,OR,1988,103.23500000000001
1670,OR,1989,112.22500000000001
1671,OR,1990,128.3375
1672,OR,1991,140.6575
1673,OR,1992,151.82
1674,OR,1993,163.565
1675,OR,1994,180.72
1676,OR,1995,197.825
1677,OR,1996,212.7825
1678,OR,1997,226.485
1679,OR,1998,237.765
1680,OR,1999,243.785
1681,OR,2000,250.7875
1682,OR,2001,264.95750000000004
1683,OR,2002,276.21250000000003
1684,OR,2003,289.47
1685,OR,2004,316.96500000000003
1686,OR,2005,369.60249999999996
1687,OR,2006,431.0425
1688,OR,2007,455.15999999999997
1689,OR,2008,438.90999999999997
1690,OR,2009,401.1625
1691,OR,2010,372.39
1692,OR,2011,346.265
1693,OR,2012,344.0175
1694,OR,2013,367.7125
1695,OR,2014,398.5625
1696,OR,2015,433.97999999999996
1697,OR,2016,481.83250000000004
1698,OR,2017,523.96
1699,OR,2018,558.8625000000001
1700,OR,2019,585.75
1701,OR,2020,604.865
1702,PA,1975,71.3925
1703,PA,1976,75.46000000000001
1704,PA,1977,79.74000000000001
1705,PA,1978,86.2575
1706,PA,1979,95.7875
1707,PA,1980,99.6575
1708,PA,1981,102.555
1709,PA,1982,105.95249999999999
1710,PA,1983,111.1525
1711,PA,1984,116.86999999999999
1712,PA,1985,124.6825
1713,PA,1986,137.195
1714,PA,1987,158.315
1715,PA,1988,179.3475
1716,PA,1989,190.7025
1717,PA,1990,195.48499999999999
1718,PA,1991,199.07250000000002
1719,PA,1992,204.305
1720,PA,1993,207.7925
1721,PA,1994,207.7825
1722,PA,1995,209.5125
1723,PA,1996,213.82750000000001
1724,PA,1997,216.805
1725,PA,1998,224.53500000000003
1726,PA,1999,230.04250000000002
1727,PA,2000,238.275
1728,PA,2001,254.2325
1729,PA,2002,270.76750000000004
1730,PA,2003,289.25250000000005
1731,PA,2004,319.0925
1732,PA,2005,356.3575
1733,PA,2006,383.76
1734,PA,2007,394.62750000000005
1735,PA,2008,390.9125
1736,PA,2009,381.3175
1737,PA,2010,373.245
1738,PA,2011,365.2575
1739,PA,2012,362.1725
1740,PA,2013,365.495
1741,PA,2014,371.345
1742,PA,2015,381.40500000000003
1743,PA,2016,392.475
1744,PA,2017,407.1475
1745,PA,2018,425.44
1746,PA,2019,445.0
1747,PA,2020,459.48
1748,RI,1975,65.035
1749,RI,1976,68.83250000000001
1750,RI,1977,73.6075
1751,RI,1978,83.66749999999999
1752,RI,1979,94.1525
1753,RI,1980,101.33
1754,RI,1981,101.3175
1755,RI,1982,104.74249999999999
1756,RI,1983,115.58000000000001
1757,RI,1984,124.18249999999999
1758,RI,1985,140.73
1759,RI,1986,170.515
1760,RI,1987,222.98999999999998
1761,RI,1988,253.6375
1762,RI,1989,263.65999999999997
1763,RI,1990,260.2675
1764,RI,1991,251.175
1765,RI,1992,247.01999999999998
1766,RI,1993,246.00250000000003
1767,RI,1994,238.54000000000002
1768,RI,1995,239.15750000000003
1769,RI,1996,240.9275
1770,RI,1997,242.76999999999998
1771,RI,1998,252.10250000000002
1772,RI,1999,262.8725
1773,RI,2000,290.5125
1774,RI,2001,323.08
1775,RI,2002,372.985
1776,RI,2003,427.72249999999997
1777,RI,2004,507.57000000000005
1778,RI,2005,576.7925
1779,RI,2006,600.165
1780,RI,2007,584.385
1781,RI,2008,536.9325
1782,RI,2009,493.83000000000004
1783,RI,2010,472.275
1784,RI,2011,451.4075
1785,RI,2012,438.7875
1786,RI,2013,437.415
1787,RI,2014,448.615
1788,RI,2015,469.03499999999997
1789,RI,2016,490.15999999999997
1790,RI,2017,522.28
1791,RI,2018,556.645
1792,RI,2019,582.6175000000001
1793,RI,2020,602.115
1794,SC,1975,71.7925
1795,SC,1976,75.10749999999999
1796,SC,1977,79.7375
1797,SC,1978,86.84
1798,SC,1979,96.9325
1799,SC,1980,104.71
1800,SC,1981,115.34
1801,SC,1982,119.695
1802,SC,1983,122.3775
1803,SC,1984,125.9075
1804,SC,1985,131.58499999999998
1805,SC,1986,137.7575
1806,SC,1987,144.54000000000002
1807,SC,1988,150.22500000000002
1808,SC,1989,156.0775
1809,SC,1990,161.2375
1810,SC,1991,165.7
1811,SC,1992,171.045
1812,SC,1993,175.59
1813,SC,1994,180.065
1814,SC,1995,186.1425
1815,SC,1996,194.415
1816,SC,1997,202.92499999999998
1817,SC,1998,214.35
1818,SC,1999,225.59
1819,SC,2000,235.6325
1820,SC,2001,250.18
1821,SC,2002,259.16
1822,SC,2003,268.105
1823,SC,2004,280.2925
1824,SC,2005,301.68
1825,SC,2006,324.4325
1826,SC,2007,339.105
1827,SC,2008,340.97749999999996
1828,SC,2009,333.0
1829,SC,2010,317.6075
1830,SC,2011,304.7175
1831,SC,2012,301.6025
1832,SC,2013,303.0
1833,SC,2014,310.6
1834,SC,2015,326.7025
1835,SC,2016,344.11249999999995
1836,SC,2017,363.775
1837,SC,2018,387.1775
1838,SC,2019,409.03
1839,SC,2020,424.34
1840,SD,1975,66.595
1841,SD,1976,66.1625
1842,SD,1977,72.985
1843,SD,1978,83.0275
1844,SD,1979,92.5475
1845,SD,1980,101.3675
1846,SD,1981,95.43
1847,SD,1982,101.30000000000001
1848,SD,1983,103.57249999999999
1849,SD,1984,112.07249999999999
1850,SD,1985,111.4025
1851,SD,1986,116.5425
1852,SD,1987,119.01249999999999
1853,SD,1988,116.75
1854,SD,1989,119.72999999999999
1855,SD,1990,124.2225
1856,SD,1991,130.81
1857,SD,1992,138.9175
1858,SD,1993,148.3125
1859,SD,1994,159.0725
1860,SD,1995,166.025
1861,SD,1996,173.58249999999998
1862,SD,1997,180.53
1863,SD,1998,188.06500000000003
1864,SD,1999,194.39749999999998
1865,SD,2000,202.08999999999997
1866,SD,2001,212.8075
1867,SD,2002,222.04749999999999
1868,SD,2003,231.31
1869,SD,2004,244.45250000000001
1870,SD,2005,261.665
1871,SD,2006,274.015
1872,SD,2007,284.595
1873,SD,2008,291.8675
1874,SD,2009,292.985
1875,SD,2010,290.27750000000003
1876,SD,2011,290.84000000000003
1877,SD,2012,295.7025
1878,SD,2013,306.095
1879,SD,2014,315.15250000000003
1880,SD,2015,328.78499999999997
1881,SD,2016,343.805
1882,SD,2017,362.21750000000003
1883,SD,2018,379.935
1884,SD,2019,397.905
1885,SD,2020,409.815
1886,TN,1975,68.5975
1887,TN,1976,70.14250000000001
1888,TN,1977,77.41999999999999
1889,TN,1978,86.3775
1890,TN,1979,94.12
1891,TN,1980,99.97500000000001
1892,TN,1981,104.64
1893,TN,1982,106.4975
1894,TN,1983,111.9175
1895,TN,1984,114.26499999999999
1896,TN,1985,123.33500000000001
1897,TN,1986,131.63500000000002
1898,TN,1987,140.625
1899,TN,1988,144.39
1900,TN,1989,146.34
1901,TN,1990,147.0375
1902,TN,1991,149.1325
1903,TN,1992,153.8825
1904,TN,1993,159.0475
1905,TN,1994,166.75
1906,TN,1995,176.26250000000002
1907,TN,1996,185.975
1908,TN,1997,194.29250000000002
1909,TN,1998,204.505
1910,TN,1999,211.10250000000002
1911,TN,2000,216.8525
1912,TN,2001,227.41250000000002
1913,TN,2002,234.045
1914,TN,2003,241.95250000000001
1915,TN,2004,251.86
1916,TN,2005,268.2125
1917,TN,2006,287.27
1918,TN,2007,300.6425
1919,TN,2008,301.66249999999997
1920,TN,2009,296.105
1921,TN,2010,287.4275
1922,TN,2011,279.795
1923,TN,2012,279.39
1924,TN,2013,284.0775
1925,TN,2014,294.775
1926,TN,2015,309.2175
1927,TN,2016,328.07500000000005
1928,TN,2017,351.365
1929,TN,2018,377.7525
1930,TN,2019,400.44000000000005
1931,TN,2020,416.97
1932,TX,1975,57.4225
1933,TX,1976,62.37
1934,TX,1977,70.0175
1935,TX,1978,80.64500000000001
1936,TX,1979,93.16
1937,TX,1980,103.81
1938,TX,1981,113.32
1939,TX,1982,125.0175
1940,TX,1983,127.2275
1941,TX,1984,128.14749999999998
1942,TX,1985,128.3775
1943,TX,1986,130.2475
1944,TX,1987,121.7675
1945,TX,1988,115.4275
1946,TX,1989,115.7675
1947,TX,1990,117.2775
1948,TX,1991,119.93249999999999
1949,TX,1992,124.13749999999999
1950,TX,1993,127.7475
1951,TX,1994,130.505
1952,TX,1995,132.9475
1953,TX,1996,136.4825
1954,TX,1997,139.51
1955,TX,1998,146.1975
1956,TX,1999,154.1
1957,TX,2000,163.535
1958,TX,2001,174.42249999999999
1959,TX,2002,180.6275
1960,TX,2003,186.1875
1961,TX,2004,191.2575
1962,TX,2005,199.68
1963,TX,2006,210.90000000000003
1964,TX,2007,221.76749999999998
1965,TX,2008,225.7925
1966,TX,2009,226.08
1967,TX,2010,223.22500000000002
1968,TX,2011,220.0975
1969,TX,2012,223.2625
1970,TX,2013,233.26749999999998
1971,TX,2014,250.04500000000002
1972,TX,2015,268.39
1973,TX,2016,288.14
1974,TX,2017,309.865
1975,TX,2018,329.71000000000004
1976,TX,2019,347.05
1977,TX,2020,357.03499999999997
1978,UT,1975,56.9075
1979,UT,1976,62.900000000000006
1980,UT,1977,72.3625
1981,UT,1978,85.6475
1982,UT,1979,97.25
1983,UT,1980,101.4225
1984,UT,1981,109.025
1985,UT,1982,110.47
1986,UT,1983,113.63749999999999
1987,UT,1984,113.175
1988,UT,1985,116.05
1989,UT,1986,118.5175
1990,UT,1987,115.96
1991,UT,1988,112.795
1992,UT,1989,114.47
1993,UT,1990,118.19250000000001
1994,UT,1991,125.06
1995,UT,1992,133.215
1996,UT,1993,147.7475
1997,UT,1994,172.3225
1998,UT,1995,192.54
1999,UT,1996,209.2475
2000,UT,1997,222.04500000000002
2001,UT,1998,233.425
2002,UT,1999,236.235
2003,UT,2000,238.61249999999998
2004,UT,2001,248.9625
2005,UT,2002,252.255
2006,UT,2003,256.42999999999995
2007,UT,2004,264.425
2008,UT,2005,289.7625
2009,UT,2006,335.42
2010,UT,2007,376.3375
2011,UT,2008,371.45
2012,UT,2009,341.90500000000003
2013,UT,2010,320.52
2014,UT,2011,303.355
2015,UT,2012,307.7275
2016,UT,2013,329.1675
2017,UT,2014,348.6
2018,UT,2015,367.9075
2019,UT,2016,394.71
2020,UT,2017,430.3875
2021,UT,2018,471.68499999999995
2022,UT,2019,507.26500000000004
2023,UT,2020,529.6400000000001
2024,VT,1975,73.5575
2025,VT,1976,83.8625
2026,VT,1977,87.6025
2027,VT,1978,92.49499999999999
2028,VT,1979,96.7775
2029,VT,1980,104.0
2030,VT,1981,95.9
2031,VT,1982,115.25
2032,VT,1983,117.99499999999999
2033,VT,1984,124.64500000000001
2034,VT,1985,134.88
2035,VT,1986,150.4125
2036,VT,1987,171.82000000000002
2037,VT,1988,196.48499999999999
2038,VT,1989,213.10750000000002
2039,VT,1990,215.88
2040,VT,1991,213.51
2041,VT,1992,215.4925
2042,VT,1993,217.45999999999998
2043,VT,1994,217.97499999999997
2044,VT,1995,219.4175
2045,VT,1996,222.52499999999998
2046,VT,1997,224.6425
2047,VT,1998,230.01
2048,VT,1999,239.6
2049,VT,2000,257.2525
2050,VT,2001,277.0275
2051,VT,2002,298.11
2052,VT,2003,319.805
2053,VT,2004,362.9325
2054,VT,2005,413.31750000000005
2055,VT,2006,446.58000000000004
2056,VT,2007,457.98249999999996
2057,VT,2008,457.1575
2058,VT,2009,446.86249999999995
2059,VT,2010,440.7975
2060,VT,2011,436.90749999999997
2061,VT,2012,437.75
2062,VT,2013,437.72749999999996
2063,VT,2014,438.03
2064,VT,2015,445.8275
2065,VT,2016,453.0425
2066,VT,2017,463.3925
2067,VT,2018,478.1475
2068,VT,2019,497.26250000000005
2069,VT,2020,512.725
2070,VA,1975,68.07
2071,VA,1976,70.13000000000001
2072,VA,1977,76.16499999999999
2073,VA,1978,84.8675
2074,VA,1979,92.8875
2075,VA,1980,102.39750000000001
2076,VA,1981,106.7475
2077,VA,1982,108.3825
2078,VA,1983,117.79249999999999
2079,VA,1984,123.605
2080,VA,1985,130.2675
2081,VA,1986,138.5525
2082,VA,1987,152.9875
2083,VA,1988,171.945
2084,VA,1989,185.70250000000001
2085,VA,1990,188.3475
2086,VA,1991,188.38
2087,VA,1992,191.66
2088,VA,1993,193.72
2089,VA,1994,195.05
2090,VA,1995,197.44000000000003
2091,VA,1996,201.73749999999998
2092,VA,1997,205.79749999999999
2093,VA,1998,212.3675
2094,VA,1999,221.495
2095,VA,2000,236.6575
2096,VA,2001,257.0675
2097,VA,2002,279.4325
2098,VA,2003,302.335
2099,VA,2004,347.52500000000003
2100,VA,2005,414.61
2101,VA,2006,458.03
2102,VA,2007,466.085
2103,VA,2008,443.26500000000004
2104,VA,2009,419.1175
2105,VA,2010,403.265
2106,VA,2011,392.3175
2107,VA,2012,391.3375
2108,VA,2013,397.3175
2109,VA,2014,407.635
2110,VA,2015,419.365
2111,VA,2016,430.1525
2112,VA,2017,444.65
2113,VA,2018,461.7025
2114,VA,2019,481.5425
2115,VA,2020,496.665
2116,WA,1975,47.5925
2117,WA,1976,54.41
2118,WA,1977,65.065
2119,WA,1978,81.0725
2120,WA,1979,94.04999999999998
2121,WA,1980,101.4175
2122,WA,1981,104.095
2123,WA,1982,103.67
2124,WA,1983,105.49499999999999
2125,WA,1984,108.6275
2126,WA,1985,111.38
2127,WA,1986,114.6125
2128,WA,1987,118.2775
2129,WA,1988,124.7275
2130,WA,1989,141.6475
2131,WA,1990,172.4675
2132,WA,1991,183.9175
2133,WA,1992,191.5975
2134,WA,1993,199.205
2135,WA,1994,208.7425
2136,WA,1995,215.89749999999998
2137,WA,1996,222.5875
2138,WA,1997,231.565
2139,WA,1998,247.1275
2140,WA,1999,260.21000000000004
2141,WA,2000,273.76500000000004
2142,WA,2001,290.5575
2143,WA,2002,303.265
2144,WA,2003,316.43
2145,WA,2004,346.52
2146,WA,2005,401.7875
2147,WA,2006,464.4875
2148,WA,2007,496.83500000000004
2149,WA,2008,483.50250000000005
2150,WA,2009,442.38
2151,WA,2010,412.675
2152,WA,2011,385.51
2153,WA,2012,379.87750000000005
2154,WA,2013,399.56
2155,WA,2014,427.12750000000005
2156,WA,2015,461.6775
2157,WA,2016,509.6875
2158,WA,2017,565.6800000000001
2159,WA,2018,622.0775
2160,WA,2019,656.8375
2161,WA,2020,683.765
2162,WV,1975,62.19499999999999
2163,WV,1976,66.265
2164,WV,1977,78.535
2165,WV,1978,83.8
2166,WV,1979,89.86
2167,WV,1980,105.625
2168,WV,1981,104.39500000000001
2169,WV,1982,95.19666666666667
2170,WV,1983,94.5075
2171,WV,1984,93.72749999999999
2172,WV,1985,92.81750000000001
2173,WV,1986,97.175
2174,WV,1987,98.1325
2175,WV,1988,98.92
2176,WV,1989,101.61000000000001
2177,WV,1990,104.05499999999999
2178,WV,1991,107.66000000000001
2179,WV,1992,112.8125
2180,WV,1993,118.155
2181,WV,1994,124.41000000000001
2182,WV,1995,130.22
2183,WV,1996,134.88
2184,WV,1997,138.97750000000002
2185,WV,1998,145.79000000000002
2186,WV,1999,148.3425
2187,WV,2000,150.845
2188,WV,2001,159.115
2189,WV,2002,164.51000000000002
2190,WV,2003,170.7675
2191,WV,2004,181.3175
2192,WV,2005,198.845
2193,WV,2006,210.505
2194,WV,2007,214.985
2195,WV,2008,214.34249999999997
2196,WV,2009,210.11
2197,WV,2010,207.505
2198,WV,2011,204.3425
2199,WV,2012,205.3375
2200,WV,2013,208.2275
2201,WV,2014,212.5625
2202,WV,2015,217.80749999999998
2203,WV,2016,222.455
2204,WV,2017,225.085
2205,WV,2018,231.19
2206,WV,2019,237.47
2207,WV,2020,244.555
2208,WI,1975,64.5175
2209,WI,1976,66.79
2210,WI,1977,76.92
2211,WI,1978,88.82499999999999
2212,WI,1979,98.8475
2213,WI,1980,101.895
2214,WI,1981,99.9875
2215,WI,1982,95.27250000000001
2216,WI,1983,105.43750000000001
2217,WI,1984,107.08
2218,WI,1985,109.7475
2219,WI,1986,113.545
2220,WI,1987,117.31500000000001
2221,WI,1988,122.9575
2222,WI,1989,129.66750000000002
2223,WI,1990,136.3125
2224,WI,1991,142.8525
2225,WI,1992,150.53
2226,WI,1993,158.07
2227,WI,1994,172.05499999999998
2228,WI,1995,182.57250000000002
2229,WI,1996,190.965
2230,WI,1997,199.4575
2231,WI,1998,207.2025
2232,WI,1999,217.6
2233,WI,2000,230.895
2234,WI,2001,243.0375
2235,WI,2002,255.29999999999998
2236,WI,2003,267.4925
2237,WI,2004,289.14
2238,WI,2005,311.6925
2239,WI,2006,322.19
2240,WI,2007,326.2875
2241,WI,2008,321.02750000000003
2242,WI,2009,311.575
2243,WI,2010,302.0675
2244,WI,2011,293.0225
2245,WI,2012,290.7425
2246,WI,2013,290.44
2247,WI,2014,294.5075
2248,WI,2015,304.315
2249,WI,2016,316.5725
2250,WI,2017,333.3225
2251,WI,2018,353.0425
2252,WI,2019,369.86
2253,WI,2020,378.55499999999995
2254,WY,1975,50.3125
2255,WY,1976,57.817499999999995
2256,WY,1977,66.64
2257,WY,1978,77.7675
2258,WY,1979,93.42750000000001
2259,WY,1980,98.50750000000001
2260,WY,1981,108.0975
2261,WY,1982,110.50250000000001
2262,WY,1983,104.8825
2263,WY,1984,97.79750000000001
2264,WY,1985,95.35249999999999
2265,WY,1986,95.3825
2266,WY,1987,86.00999999999999
2267,WY,1988,80.245
2268,WY,1989,82.305
2269,WY,1990,88.81
2270,WY,1991,93.55250000000001
2271,WY,1992,99.5125
2272,WY,1993,107.08500000000001
2273,WY,1994,118.18
2274,WY,1995,127.26249999999999
2275,WY,1996,133.6075
2276,WY,1997,137.7075
2277,WY,1998,142.6075
2278,WY,1999,146.54500000000002
2279,WY,2000,152.7375
2280,WY,2001,161.5025
2281,WY,2002,171.85250000000002
2282,WY,2003,182.355
2283,WY,2004,199.33500000000004
2284,WY,2005,221.985
2285,WY,2006,249.96
2286,WY,2007,274.4275
2287,WY,2008,280.33000000000004
2288,WY,2009,275.2375
2289,WY,2010,266.7775
2290,WY,2011,263.17999999999995
2291,WY,2012,266.72
2292,WY,2013,272.99
2293,WY,2014,281.27750000000003
2294,WY,2015,291.93
2295,WY,2016,298.3375
2296,WY,2017,302.5875
2297,WY,2018,314.94
2298,WY,2019,328.83750000000003
2299,WY,2020,340.58500000000004
