,state_po,year,unemployment_rate
0,AL,1976,6.766666666666666
1,AL,1977,7.316666666666666
2,AL,1978,6.316666666666666
3,AL,1979,7.175
4,AL,1980,8.883333333333333
5,AL,1981,10.533333333333333
6,AL,1982,14.083333333333334
7,AL,1983,13.833333333333334
8,AL,1984,11.0
9,AL,1985,9.141666666666667
10,AL,1986,9.708333333333334
11,AL,1987,8.058333333333334
12,AL,1988,7.191666666666669
13,AL,1989,7.041666666666668
14,AL,1990,6.791666666666667
15,AL,1991,7.3500000000000005
16,AL,1992,7.566666666666669
17,AL,1993,7.366666666666667
18,AL,1994,6.191666666666667
19,AL,1995,5.95
20,AL,1996,5.2250000000000005
21,AL,1997,4.975
22,AL,1998,4.391666666666667
23,AL,1999,4.733333333333332
24,AL,2000,4.575
25,AL,2001,5.1000000000000005
26,AL,2002,5.899999999999999
27,AL,2003,6.025000000000001
28,AL,2004,5.7
29,AL,2005,4.499999999999999
30,AL,2006,4.066666666666667
31,AL,2007,3.9749999999999996
32,AL,2008,5.716666666666666
33,AL,2009,10.991666666666667
34,AL,2010,10.541666666666666
35,AL,2011,9.616666666666667
36,AL,2012,7.983333333333332
37,AL,2013,7.216666666666668
38,AL,2014,6.758333333333334
39,AL,2015,6.083333333333333
40,AL,2016,5.841666666666666
41,AL,2017,4.416666666666667
42,AL,2018,3.8750000000000004
43,AL,2019,2.9916666666666667
44,AL,2020,6.611111111111112
45,AK,1976,7.516666666666667
46,AK,1977,9.866666666666667
47,AK,1978,10.616666666666667
48,AK,1979,9.275
49,AK,1980,9.65
50,AK,1981,9.383333333333333
51,AK,1982,9.958333333333334
52,AK,1983,9.933333333333334
53,AK,1984,9.85
54,AK,1985,9.691666666666668
55,AK,1986,10.933333333333335
56,AK,1987,10.266666666666667
57,AK,1988,8.783333333333333
58,AK,1989,7.008333333333333
59,AK,1990,7.233333333333334
60,AK,1991,8.458333333333334
61,AK,1992,8.916666666666668
62,AK,1993,7.708333333333332
63,AK,1994,7.566666666666667
64,AK,1995,7.316666666666666
65,AK,1996,7.583333333333333
66,AK,1997,7.141666666666667
67,AK,1998,6.358333333333333
68,AK,1999,6.466666666666666
69,AK,2000,6.358333333333333
70,AK,2001,6.416666666666667
71,AK,2002,7.3
72,AK,2003,7.8166666666666655
73,AK,2004,7.45
74,AK,2005,6.883333333333334
75,AK,2006,6.625000000000001
76,AK,2007,6.3500000000000005
77,AK,2008,6.708333333333335
78,AK,2009,7.733333333333333
79,AK,2010,7.874999999999999
80,AK,2011,7.566666666666667
81,AK,2012,7.133333333333333
82,AK,2013,7.0
83,AK,2014,6.866666666666666
84,AK,2015,6.533333333333332
85,AK,2016,6.858333333333334
86,AK,2017,6.883333333333333
87,AK,2018,6.45
88,AK,2019,6.141666666666667
89,AK,2020,9.08888888888889
90,AZ,1976,9.683333333333332
91,AZ,1977,8.216666666666667
92,AZ,1978,6.033333333333332
93,AZ,1979,5.091666666666666
94,AZ,1980,6.6499999999999995
95,AZ,1981,6.2250000000000005
96,AZ,1982,10.091666666666667
97,AZ,1983,8.825
98,AZ,1984,5.175
99,AZ,1985,6.333333333333335
100,AZ,1986,6.925000000000001
101,AZ,1987,6.45
102,AZ,1988,6.366666666666666
103,AZ,1989,5.358333333333333
104,AZ,1990,5.258333333333335
105,AZ,1991,5.966666666666666
106,AZ,1992,7.541666666666667
107,AZ,1993,6.408333333333332
108,AZ,1994,6.1499999999999995
109,AZ,1995,5.358333333333332
110,AZ,1996,5.566666666666667
111,AZ,1997,4.583333333333332
112,AZ,1998,4.324999999999999
113,AZ,1999,4.441666666666666
114,AZ,2000,3.9749999999999996
115,AZ,2001,4.775000000000001
116,AZ,2002,6.1000000000000005
117,AZ,2003,5.766666666666667
118,AZ,2004,5.041666666666665
119,AZ,2005,4.666666666666667
120,AZ,2006,4.2250000000000005
121,AZ,2007,3.8249999999999997
122,AZ,2008,6.141666666666666
123,AZ,2009,9.925
124,AZ,2010,10.35
125,AZ,2011,9.5
126,AZ,2012,8.333333333333334
127,AZ,2013,7.741666666666666
128,AZ,2014,6.8
129,AZ,2015,6.058333333333334
130,AZ,2016,5.375
131,AZ,2017,4.858333333333334
132,AZ,2018,4.741666666666666
133,AZ,2019,4.7
134,AZ,2020,7.866666666666668
135,AR,1976,6.974999999999999
136,AR,1977,6.449999999999999
137,AR,1978,6.191666666666666
138,AR,1979,6.208333333333333
139,AR,1980,7.558333333333334
140,AR,1981,8.758333333333335
141,AR,1982,9.9
142,AR,1983,9.825
143,AR,1984,8.73333333333333
144,AR,1985,8.683333333333334
145,AR,1986,8.558333333333334
146,AR,1987,8.108333333333334
147,AR,1988,7.6000000000000005
148,AR,1989,6.9750000000000005
149,AR,1990,6.908333333333332
150,AR,1991,7.425000000000001
151,AR,1992,7.091666666666666
152,AR,1993,6.141666666666667
153,AR,1994,5.375
154,AR,1995,4.85
155,AR,1996,5.249999999999999
156,AR,1997,5.233333333333333
157,AR,1998,5.175000000000001
158,AR,1999,4.6000000000000005
159,AR,2000,4.2749999999999995
160,AR,2001,4.95
161,AR,2002,5.474999999999999
162,AR,2003,5.9333333333333345
163,AR,2004,5.7
164,AR,2005,5.2250000000000005
165,AR,2006,5.175
166,AR,2007,5.3
167,AR,2008,5.5
168,AR,2009,7.824999999999999
169,AR,2010,8.191666666666666
170,AR,2011,8.291666666666666
171,AR,2012,7.575
172,AR,2013,7.216666666666666
173,AR,2014,6.016666666666666
174,AR,2015,5.008333333333333
175,AR,2016,3.9666666666666663
176,AR,2017,3.683333333333334
177,AR,2018,3.6416666666666675
178,AR,2019,3.5500000000000003
179,AR,2020,6.922222222222222
180,CA,1976,9.108333333333333
181,CA,1977,8.333333333333332
182,CA,1978,7.158333333333332
183,CA,1979,6.241666666666667
184,CA,1980,6.8500000000000005
185,CA,1981,7.383333333333333
186,CA,1982,9.958333333333334
187,CA,1983,9.808333333333334
188,CA,1984,7.758333333333334
189,CA,1985,7.175
190,CA,1986,6.749999999999999
191,CA,1987,5.808333333333334
192,CA,1988,5.291666666666666
193,CA,1989,5.125000000000002
194,CA,1990,5.783333333333334
195,CA,1991,7.716666666666666
196,CA,1992,9.299999999999999
197,CA,1993,9.483333333333333
198,CA,1994,8.591666666666667
199,CA,1995,7.858333333333333
200,CA,1996,7.2583333333333355
201,CA,1997,6.358333333333333
202,CA,1998,5.95
203,CA,1999,5.233333333333334
204,CA,2000,4.958333333333333
205,CA,2001,5.433333333333334
206,CA,2002,6.6499999999999995
207,CA,2003,6.799999999999998
208,CA,2004,6.208333333333333
209,CA,2005,5.399999999999999
210,CA,2006,4.916666666666666
211,CA,2007,5.375
212,CA,2008,7.291666666666667
213,CA,2009,11.141666666666667
214,CA,2010,12.225000000000001
215,CA,2011,11.70833333333333
216,CA,2012,10.375000000000002
217,CA,2013,8.941666666666666
218,CA,2014,7.5
219,CA,2015,6.208333333333333
220,CA,2016,5.491666666666666
221,CA,2017,4.791666666666667
222,CA,2018,4.258333333333334
223,CA,2019,4.05
224,CA,2020,10.744444444444445
225,CO,1976,5.808333333333334
226,CO,1977,6.366666666666666
227,CO,1978,5.516666666666667
228,CO,1979,4.741666666666667
229,CO,1980,5.808333333333333
230,CO,1981,5.733333333333334
231,CO,1982,7.333333333333335
232,CO,1983,7.108333333333333
233,CO,1984,5.441666666666667
234,CO,1985,6.075
235,CO,1986,7.508333333333333
236,CO,1987,7.533333333333334
237,CO,1988,6.5
238,CO,1989,5.633333333333334
239,CO,1990,5.233333333333334
240,CO,1991,5.258333333333334
241,CO,1992,6.0
242,CO,1993,5.324999999999999
243,CO,1994,4.233333333333333
244,CO,1995,4.008333333333335
245,CO,1996,4.241666666666666
246,CO,1997,3.4499999999999997
247,CO,1998,3.5999999999999996
248,CO,1999,3.0749999999999997
249,CO,2000,2.7583333333333333
250,CO,2001,3.816666666666667
251,CO,2002,5.525000000000001
252,CO,2003,5.949999999999999
253,CO,2004,5.474999999999999
254,CO,2005,5.0249999999999995
255,CO,2006,4.308333333333333
256,CO,2007,3.725
257,CO,2008,4.8500000000000005
258,CO,2009,7.300000000000001
259,CO,2010,8.725000000000001
260,CO,2011,8.358333333333334
261,CO,2012,7.891666666666667
262,CO,2013,6.849999999999999
263,CO,2014,4.991666666666666
264,CO,2015,3.8833333333333333
265,CO,2016,3.2999999999999994
266,CO,2017,2.791666666666666
267,CO,2018,3.158333333333333
268,CO,2019,2.7583333333333333
269,CO,2020,7.0777777777777775
270,CT,1976,9.275
271,CT,1977,6.991666666666667
272,CT,1978,5.2250000000000005
273,CT,1979,5.15
274,CT,1980,5.8083333333333345
275,CT,1981,6.166666666666668
276,CT,1982,6.8666666666666645
277,CT,1983,6.008333333333333
278,CT,1984,4.666666666666667
279,CT,1985,4.716666666666668
280,CT,1986,3.8416666666666663
281,CT,1987,3.35
282,CT,1988,2.966666666666667
283,CT,1989,3.75
284,CT,1990,5.125
285,CT,1991,6.533333333333334
286,CT,1992,7.541666666666665
287,CT,1993,6.625
288,CT,1994,5.616666666666667
289,CT,1995,5.491666666666666
290,CT,1996,5.5
291,CT,1997,5.0
292,CT,1998,3.441666666666667
293,CT,1999,2.875
294,CT,2000,2.408333333333333
295,CT,2001,3.1166666666666667
296,CT,2002,4.308333333333334
297,CT,2003,5.408333333333332
298,CT,2004,4.958333333333332
299,CT,2005,4.875
300,CT,2006,4.333333333333333
301,CT,2007,4.4750000000000005
302,CT,2008,5.666666666666667
303,CT,2009,7.925000000000001
304,CT,2010,9.133333333333335
305,CT,2011,8.825
306,CT,2012,8.350000000000001
307,CT,2013,7.808333333333333
308,CT,2014,6.625
309,CT,2015,5.725000000000001
310,CT,2016,5.166666666666667
311,CT,2017,4.7
312,CT,2018,4.158333333333332
313,CT,2019,3.741666666666666
314,CT,2020,7.222222222222224
315,DE,1976,8.816666666666666
316,DE,1977,8.458333333333332
317,DE,1978,7.408333333333334
318,DE,1979,7.2
319,DE,1980,7.608333333333333
320,DE,1981,7.8500000000000005
321,DE,1982,8.366666666666665
322,DE,1983,7.741666666666667
323,DE,1984,6.308333333333333
324,DE,1985,5.141666666666667
325,DE,1986,4.333333333333334
326,DE,1987,3.1
327,DE,1988,3.133333333333334
328,DE,1989,3.491666666666667
329,DE,1990,4.708333333333333
330,DE,1991,6.208333333333332
331,DE,1992,5.416666666666667
332,DE,1993,5.058333333333334
333,DE,1994,4.783333333333333
334,DE,1995,4.325
335,DE,1996,5.091666666666667
336,DE,1997,4.008333333333334
337,DE,1998,3.7083333333333335
338,DE,1999,3.4083333333333328
339,DE,2000,3.758333333333333
340,DE,2001,3.491666666666667
341,DE,2002,4.016666666666667
342,DE,2003,4.241666666666666
343,DE,2004,3.991666666666667
344,DE,2005,4.141666666666667
345,DE,2006,3.591666666666667
346,DE,2007,3.441666666666667
347,DE,2008,4.966666666666666
348,DE,2009,8.258333333333333
349,DE,2010,8.416666666666666
350,DE,2011,7.5
351,DE,2012,7.208333333333333
352,DE,2013,6.691666666666666
353,DE,2014,5.716666666666666
354,DE,2015,4.858333333333333
355,DE,2016,4.525
356,DE,2017,4.466666666666666
357,DE,2018,3.783333333333333
358,DE,2019,3.766666666666666
359,DE,2020,9.322222222222225
360,FL,1976,9.108333333333333
361,FL,1977,8.174999999999999
362,FL,1978,6.708333333333335
363,FL,1979,5.949999999999999
364,FL,1980,6.091666666666668
365,FL,1981,6.6499999999999995
366,FL,1982,8.441666666666666
367,FL,1983,8.516666666666667
368,FL,1984,6.383333333333333
369,FL,1985,5.9750000000000005
370,FL,1986,5.8
371,FL,1987,5.3083333333333345
372,FL,1988,5.125
373,FL,1989,5.566666666666667
374,FL,1990,6.125
375,FL,1991,7.541666666666668
376,FL,1992,8.233333333333333
377,FL,1993,7.125000000000003
378,FL,1994,6.425000000000001
379,FL,1995,5.516666666666667
380,FL,1996,5.166666666666667
381,FL,1997,4.791666666666667
382,FL,1998,4.316666666666667
383,FL,1999,3.875
384,FL,2000,3.7166666666666672
385,FL,2001,4.633333333333334
386,FL,2002,5.641666666666667
387,FL,2003,5.224999999999999
388,FL,2004,4.608333333333333
389,FL,2005,3.683333333333333
390,FL,2006,3.241666666666666
391,FL,2007,4.008333333333334
392,FL,2008,6.3
393,FL,2009,10.391666666666667
394,FL,2010,11.033333333333333
395,FL,2011,9.991666666666667
396,FL,2012,8.483333333333333
397,FL,2013,7.233333333333333
398,FL,2014,6.275000000000001
399,FL,2015,5.449999999999999
400,FL,2016,4.816666666666666
401,FL,2017,4.2250000000000005
402,FL,2018,3.5916666666666663
403,FL,2019,3.1249999999999996
404,FL,2020,8.233333333333333
405,GA,1976,8.158333333333333
406,GA,1977,6.908333333333334
407,GA,1978,5.733333333333332
408,GA,1979,5.125
409,GA,1980,6.349999999999999
410,GA,1981,6.366666666666667
411,GA,1982,7.766666666666667
412,GA,1983,7.75
413,GA,1984,6.116666666666667
414,GA,1985,6.408333333333332
415,GA,1986,5.975000000000001
416,GA,1987,5.675
417,GA,1988,5.7
418,GA,1989,5.5
419,GA,1990,5.466666666666666
420,GA,1991,5.208333333333333
421,GA,1992,6.891666666666667
422,GA,1993,6.05
423,GA,1994,5.208333333333333
424,GA,1995,4.825
425,GA,1996,4.683333333333334
426,GA,1997,4.583333333333332
427,GA,1998,4.283333333333334
428,GA,1999,3.916666666666666
429,GA,2000,3.5833333333333326
430,GA,2001,4.033333333333332
431,GA,2002,4.999999999999999
432,GA,2003,4.825
433,GA,2004,4.758333333333334
434,GA,2005,5.324999999999999
435,GA,2006,4.7250000000000005
436,GA,2007,4.541666666666667
437,GA,2008,6.266666666666667
438,GA,2009,9.933333333333334
439,GA,2010,10.491666666666665
440,GA,2011,10.233333333333333
441,GA,2012,9.191666666666666
442,GA,2013,8.2
443,GA,2014,7.099999999999999
444,GA,2015,5.983333333333332
445,GA,2016,5.383333333333333
446,GA,2017,4.691666666666666
447,GA,2018,3.949999999999999
448,GA,2019,3.4333333333333336
449,GA,2020,6.677777777777778
450,HI,1976,9.391666666666666
451,HI,1977,7.824999999999999
452,HI,1978,7.108333333333334
453,HI,1979,6.083333333333333
454,HI,1980,5.0583333333333345
455,HI,1981,5.425
456,HI,1982,6.316666666666666
457,HI,1983,6.166666666666667
458,HI,1984,5.675000000000001
459,HI,1985,5.391666666666667
460,HI,1986,4.7749999999999995
461,HI,1987,3.8166666666666664
462,HI,1988,3.1750000000000007
463,HI,1989,2.533333333333333
464,HI,1990,2.6833333333333336
465,HI,1991,2.875
466,HI,1992,4.333333333333333
467,HI,1993,4.508333333333334
468,HI,1994,5.508333333333334
469,HI,1995,5.875
470,HI,1996,6.258333333333334
471,HI,1997,6.233333333333333
472,HI,1998,6.091666666666668
473,HI,1999,5.3999999999999995
474,HI,2000,4.258333333333334
475,HI,2001,4.458333333333334
476,HI,2002,4.241666666666666
477,HI,2003,4.125
478,HI,2004,3.391666666666667
479,HI,2005,2.858333333333334
480,HI,2006,2.6416666666666666
481,HI,2007,2.775
482,HI,2008,4.325
483,HI,2009,7.125
484,HI,2010,6.95
485,HI,2011,6.8
486,HI,2012,6.008333333333333
487,HI,2013,4.883333333333332
488,HI,2014,4.358333333333333
489,HI,2015,3.566666666666667
490,HI,2016,2.9499999999999993
491,HI,2017,2.433333333333333
492,HI,2018,2.516666666666667
493,HI,2019,2.7166666666666663
494,HI,2020,12.233333333333333
495,ID,1976,5.575
496,ID,1977,5.766666666666667
497,ID,1978,5.458333333333333
498,ID,1979,5.808333333333334
499,ID,1980,7.525000000000001
500,ID,1981,7.7749999999999995
501,ID,1982,9.908333333333333
502,ID,1983,8.941666666666668
503,ID,1984,7.325
504,ID,1985,7.866666666666666
505,ID,1986,8.433333333333334
506,ID,1987,7.608333333333334
507,ID,1988,6.041666666666667
508,ID,1989,5.283333333333334
509,ID,1990,5.541666666666667
510,ID,1991,6.191666666666667
511,ID,1992,6.358333333333333
512,ID,1993,5.974999999999999
513,ID,1994,5.408333333333334
514,ID,1995,5.416666666666667
515,ID,1996,5.300000000000002
516,ID,1997,5.1416666666666675
517,ID,1998,5.108333333333334
518,ID,1999,4.8999999999999995
519,ID,2000,4.699999999999998
520,ID,2001,5.091666666666667
521,ID,2002,5.533333333333332
522,ID,2003,5.6000000000000005
523,ID,2004,4.933333333333333
524,ID,2005,4.033333333333332
525,ID,2006,3.475
526,ID,2007,3.0416666666666665
527,ID,2008,5.141666666666667
528,ID,2009,8.733333333333334
529,ID,2010,8.966666666666667
530,ID,2011,8.316666666666666
531,ID,2012,7.2
532,ID,2013,6.116666666666667
533,ID,2014,4.833333333333334
534,ID,2015,4.1000000000000005
535,ID,2016,3.7833333333333337
536,ID,2017,3.2083333333333335
537,ID,2018,2.908333333333333
538,ID,2019,2.899999999999999
539,ID,2020,5.555555555555556
540,IL,1976,6.575
541,IL,1977,6.233333333333333
542,IL,1978,5.958333333333332
543,IL,1979,5.541666666666667
544,IL,1980,8.166666666666668
545,IL,1981,8.533333333333333
546,IL,1982,11.358333333333334
547,IL,1983,11.816666666666668
548,IL,1984,9.033333333333333
549,IL,1985,9.049999999999999
550,IL,1986,8.291666666666666
551,IL,1987,7.433333333333333
552,IL,1988,6.658333333333332
553,IL,1989,6.016666666666667
554,IL,1990,6.191666666666667
555,IL,1991,7.266666666666668
556,IL,1992,7.916666666666667
557,IL,1993,7.458333333333333
558,IL,1994,5.75
559,IL,1995,5.15
560,IL,1996,5.2749999999999995
561,IL,1997,4.7666666666666675
562,IL,1998,4.425
563,IL,1999,4.366666666666666
564,IL,2000,4.333333333333333
565,IL,2001,5.325
566,IL,2002,6.533333333333332
567,IL,2003,6.758333333333333
568,IL,2004,6.191666666666667
569,IL,2005,5.683333333333334
570,IL,2006,4.5666666666666655
571,IL,2007,4.958333333333333
572,IL,2008,6.308333333333334
573,IL,2009,10.2
574,IL,2010,10.366666666666667
575,IL,2011,9.691666666666668
576,IL,2012,8.991666666666667
577,IL,2013,9.041666666666666
578,IL,2014,7.099999999999999
579,IL,2015,5.958333333333333
580,IL,2016,5.816666666666667
581,IL,2017,4.925
582,IL,2018,4.333333333333333
583,IL,2019,3.983333333333334
584,IL,2020,10.088888888888889
585,IN,1976,6.016666666666668
586,IN,1977,5.783333333333332
587,IN,1978,5.583333333333333
588,IN,1979,6.483333333333333
589,IN,1980,9.674999999999999
590,IN,1981,9.866666666666667
591,IN,1982,11.966666666666667
592,IN,1983,11.200000000000001
593,IN,1984,8.541666666666668
594,IN,1985,7.8
595,IN,1986,6.875000000000001
596,IN,1987,6.2250000000000005
597,IN,1988,5.2333333333333325
598,IN,1989,4.841666666666666
599,IN,1990,5.3
600,IN,1991,5.966666666666668
601,IN,1992,6.558333333333333
602,IN,1993,5.3999999999999995
603,IN,1994,4.85
604,IN,1995,4.608333333333333
605,IN,1996,4.058333333333333
606,IN,1997,3.491666666666667
607,IN,1998,3.0833333333333335
608,IN,1999,3.0416666666666674
609,IN,2000,3.141666666666667
610,IN,2001,4.233333333333333
611,IN,2002,5.191666666666667
612,IN,2003,5.3
613,IN,2004,5.358333333333333
614,IN,2005,5.466666666666666
615,IN,2006,5.083333333333333
616,IN,2007,4.5583333333333345
617,IN,2008,5.916666666666667
618,IN,2009,10.291666666666666
619,IN,2010,10.341666666666667
620,IN,2011,9.108333333333334
621,IN,2012,8.35
622,IN,2013,7.633333333333333
623,IN,2014,5.958333333333332
624,IN,2015,4.833333333333333
625,IN,2016,4.433333333333333
626,IN,2017,3.558333333333333
627,IN,2018,3.475
628,IN,2019,3.316666666666667
629,IN,2020,7.844444444444445
630,IA,1976,3.9833333333333325
631,IA,1977,3.8833333333333324
632,IA,1978,3.8499999999999996
633,IA,1979,4.216666666666667
634,IA,1980,6.041666666666665
635,IA,1981,6.574999999999999
636,IA,1982,8.508333333333335
637,IA,1983,8.125
638,IA,1984,6.983333333333333
639,IA,1985,7.45
640,IA,1986,6.75
641,IA,1987,5.483333333333333
642,IA,1988,4.499999999999999
643,IA,1989,4.191666666666666
644,IA,1990,4.416666666666667
645,IA,1991,4.658333333333334
646,IA,1992,4.466666666666666
647,IA,1993,4.058333333333333
648,IA,1994,3.4999999999999996
649,IA,1995,3.4583333333333335
650,IA,1996,3.525
651,IA,1997,3.108333333333334
652,IA,1998,2.7416666666666667
653,IA,1999,2.591666666666667
654,IA,2000,2.6249999999999996
655,IA,2001,3.3249999999999997
656,IA,2002,4.008333333333334
657,IA,2003,4.491666666666667
658,IA,2004,4.491666666666667
659,IA,2005,4.250000000000001
660,IA,2006,3.7000000000000006
661,IA,2007,3.7000000000000006
662,IA,2008,4.233333333333333
663,IA,2009,6.391666666666668
664,IA,2010,6.008333333333333
665,IA,2011,5.5249999999999995
666,IA,2012,5.033333333333333
667,IA,2013,4.733333333333333
668,IA,2014,4.241666666666667
669,IA,2015,3.758333333333334
670,IA,2016,3.625
671,IA,2017,3.1166666666666667
672,IA,2018,2.6166666666666667
673,IA,2019,2.7416666666666667
674,IA,2020,6.2555555555555555
675,KS,1976,4.208333333333334
676,KS,1977,3.9166666666666665
677,KS,1978,3.1166666666666667
678,KS,1979,3.233333333333333
679,KS,1980,4.433333333333333
680,KS,1981,4.308333333333334
681,KS,1982,6.266666666666666
682,KS,1983,5.858333333333333
683,KS,1984,4.924999999999999
684,KS,1985,5.075
685,KS,1986,5.349999999999999
686,KS,1987,4.825000000000001
687,KS,1988,4.5249999999999995
688,KS,1989,4.175000000000001
689,KS,1990,4.316666666666667
690,KS,1991,4.408333333333334
691,KS,1992,4.491666666666668
692,KS,1993,4.966666666666667
693,KS,1994,4.891666666666666
694,KS,1995,4.416666666666667
695,KS,1996,4.241666666666667
696,KS,1997,3.7583333333333333
697,KS,1998,3.5250000000000004
698,KS,1999,3.266666666666666
699,KS,2000,3.608333333333333
700,KS,2001,4.208333333333333
701,KS,2002,5.0583333333333345
702,KS,2003,5.508333333333334
703,KS,2004,5.449999999999999
704,KS,2005,5.008333333333333
705,KS,2006,4.391666666666666
706,KS,2007,4.241666666666665
707,KS,2008,4.625000000000001
708,KS,2009,6.866666666666667
709,KS,2010,7.058333333333334
710,KS,2011,6.491666666666666
711,KS,2012,5.733333333333334
712,KS,2013,5.308333333333333
713,KS,2014,4.533333333333332
714,KS,2015,4.183333333333334
715,KS,2016,4.025
716,KS,2017,3.65
717,KS,2018,3.291666666666666
718,KS,2019,3.150000000000001
719,KS,2020,6.488888888888889
720,KY,1976,5.383333333333333
721,KY,1977,4.866666666666667
722,KY,1978,5.108333333333335
723,KY,1979,5.541666666666667
724,KY,1980,7.941666666666666
725,KY,1981,8.591666666666667
726,KY,1982,10.816666666666668
727,KY,1983,11.416666666666666
728,KY,1984,9.291666666666666
729,KY,1985,9.2
730,KY,1986,9.383333333333335
731,KY,1987,8.466666666666669
732,KY,1988,7.6000000000000005
733,KY,1989,6.358333333333333
734,KY,1990,5.983333333333333
735,KY,1991,7.291666666666665
736,KY,1992,6.858333333333333
737,KY,1993,6.258333333333333
738,KY,1994,5.374999999999999
739,KY,1995,5.408333333333334
740,KY,1996,5.45
741,KY,1997,5.341666666666666
742,KY,1998,4.6000000000000005
743,KY,1999,4.5
744,KY,2000,4.166666666666667
745,KY,2001,5.158333333333333
746,KY,2002,5.683333333333334
747,KY,2003,6.133333333333333
748,KY,2004,5.408333333333334
749,KY,2005,5.866666666666666
750,KY,2006,5.733333333333334
751,KY,2007,5.375
752,KY,2008,6.466666666666668
753,KY,2009,10.33333333333333
754,KY,2010,10.166666666666668
755,KY,2011,9.375
756,KY,2012,8.166666666666666
757,KY,2013,8.016666666666667
758,KY,2014,6.458333333333332
759,KY,2015,5.275
760,KY,2016,5.125000000000001
761,KY,2017,4.891666666666667
762,KY,2018,4.333333333333332
763,KY,2019,4.2749999999999995
764,KY,2020,7.022222222222222
765,LA,1976,6.716666666666666
766,LA,1977,7.066666666666666
767,LA,1978,6.791666666666668
768,LA,1979,6.6000000000000005
769,LA,1980,6.8500000000000005
770,LA,1981,8.383333333333333
771,LA,1982,10.275
772,LA,1983,11.516666666666666
773,LA,1984,10.066666666666666
774,LA,1985,11.549999999999999
775,LA,1986,12.733333333333333
776,LA,1987,12.116666666666667
777,LA,1988,10.85
778,LA,1989,7.9416666666666655
779,LA,1990,6.191666666666666
780,LA,1991,7.291666666666665
781,LA,1992,8.025
782,LA,1993,7.641666666666666
783,LA,1994,7.841666666666666
784,LA,1995,6.983333333333333
785,LA,1996,6.6000000000000005
786,LA,1997,6.0
787,LA,1998,5.691666666666666
788,LA,1999,5.075
789,LA,2000,5.3
790,LA,2001,5.741666666666667
791,LA,2002,6.158333333333334
792,LA,2003,6.425000000000001
793,LA,2004,5.916666666666667
794,LA,2005,7.125000000000001
795,LA,2006,4.424999999999999
796,LA,2007,4.241666666666667
797,LA,2008,4.925
798,LA,2009,6.825
799,LA,2010,7.949999999999999
800,LA,2011,7.833333333333332
801,LA,2012,7.091666666666668
802,LA,2013,6.675
803,LA,2014,6.366666666666667
804,LA,2015,6.324999999999999
805,LA,2016,6.066666666666667
806,LA,2017,5.116666666666666
807,LA,2018,4.874999999999999
808,LA,2019,4.8083333333333345
809,LA,2020,9.022222222222222
810,ME,1976,8.674999999999999
811,ME,1977,8.241666666666669
812,ME,1978,6.416666666666667
813,ME,1979,6.791666666666667
814,ME,1980,7.625
815,ME,1981,7.3500000000000005
816,ME,1982,8.375
817,ME,1983,8.283333333333333
818,ME,1984,6.233333333333333
819,ME,1985,5.474999999999999
820,ME,1986,5.2749999999999995
821,ME,1987,4.374999999999999
822,ME,1988,3.641666666666667
823,ME,1989,4.05
824,ME,1990,5.341666666666668
825,ME,1991,7.566666666666666
826,ME,1992,7.274999999999999
827,ME,1993,7.250000000000001
828,ME,1994,6.991666666666667
829,ME,1995,5.933333333333333
830,ME,1996,5.208333333333333
831,ME,1997,5.0249999999999995
832,ME,1998,4.499999999999999
833,ME,1999,3.9416666666666664
834,ME,2000,3.358333333333334
835,ME,2001,3.8249999999999997
836,ME,2002,4.3500000000000005
837,ME,2003,4.958333333333333
838,ME,2004,4.641666666666667
839,ME,2005,4.875
840,ME,2006,4.566666666666667
841,ME,2007,4.683333333333333
842,ME,2008,5.516666666666667
843,ME,2009,8.083333333333334
844,ME,2010,8.124999999999998
845,ME,2011,7.891666666666667
846,ME,2012,7.466666666666668
847,ME,2013,6.650000000000001
848,ME,2014,5.608333333333333
849,ME,2015,4.383333333333334
850,ME,2016,3.7666666666666675
851,ME,2017,3.3750000000000004
852,ME,2018,3.2416666666666667
853,ME,2019,3.016666666666666
854,ME,2020,6.533333333333334
855,MD,1976,6.650000000000001
856,MD,1977,6.250000000000001
857,MD,1978,5.5249999999999995
858,MD,1979,5.7749999999999995
859,MD,1980,6.575
860,MD,1981,7.258333333333334
861,MD,1982,8.283333333333333
862,MD,1983,6.991666666666666
863,MD,1984,5.358333333333333
864,MD,1985,4.599999999999999
865,MD,1986,4.550000000000002
866,MD,1987,4.366666666666666
867,MD,1988,4.241666666666667
868,MD,1989,3.816666666666666
869,MD,1990,4.458333333333334
870,MD,1991,6.108333333333333
871,MD,1992,6.7749999999999995
872,MD,1993,6.183333333333334
873,MD,1994,5.258333333333334
874,MD,1995,5.041666666666668
875,MD,1996,5.033333333333333
876,MD,1997,4.949999999999999
877,MD,1998,4.391666666666667
878,MD,1999,3.558333333333333
879,MD,2000,3.583333333333334
880,MD,2001,4.008333333333334
881,MD,2002,4.433333333333332
882,MD,2003,4.424999999999999
883,MD,2004,4.241666666666667
884,MD,2005,4.124999999999999
885,MD,2006,3.8666666666666667
886,MD,2007,3.4499999999999993
887,MD,2008,4.25
888,MD,2009,7.016666666666667
889,MD,2010,7.6499999999999995
890,MD,2011,7.249999999999999
891,MD,2012,6.966666666666668
892,MD,2013,6.566666666666666
893,MD,2014,5.816666666666666
894,MD,2015,5.066666666666667
895,MD,2016,4.4416666666666655
896,MD,2017,4.233333333333334
897,MD,2018,3.958333333333332
898,MD,2019,3.591666666666667
899,MD,2020,6.699999999999999
900,MA,1976,9.566666666666668
901,MA,1977,7.7749999999999995
902,MA,1978,6.216666666666668
903,MA,1979,5.491666666666666
904,MA,1980,5.6499999999999995
905,MA,1981,6.466666666666668
906,MA,1982,7.708333333333332
907,MA,1983,6.766666666666666
908,MA,1984,4.7749999999999995
909,MA,1985,3.9666666666666663
910,MA,1986,3.908333333333333
911,MA,1987,3.2416666666666667
912,MA,1988,3.2583333333333333
913,MA,1989,4.141666666666667
914,MA,1990,6.300000000000001
915,MA,1991,8.616666666666667
916,MA,1992,8.458333333333334
917,MA,1993,6.991666666666666
918,MA,1994,6.024999999999999
919,MA,1995,5.283333333333332
920,MA,1996,4.441666666666667
921,MA,1997,3.9166666666666665
922,MA,1998,3.2916666666666674
923,MA,1999,3.1749999999999994
924,MA,2000,2.7083333333333335
925,MA,2001,3.725
926,MA,2002,5.258333333333334
927,MA,2003,5.716666666666666
928,MA,2004,5.141666666666667
929,MA,2005,4.849999999999999
930,MA,2006,4.891666666666666
931,MA,2007,4.6000000000000005
932,MA,2008,5.550000000000001
933,MA,2009,8.1
934,MA,2010,8.291666666666666
935,MA,2011,7.241666666666667
936,MA,2012,6.658333333333334
937,MA,2013,6.716666666666668
938,MA,2014,5.75
939,MA,2015,4.791666666666667
940,MA,2016,3.8833333333333333
941,MA,2017,3.741666666666667
942,MA,2018,3.358333333333334
943,MA,2019,2.908333333333333
944,MA,2020,10.677777777777779
945,MI,1976,9.4
946,MI,1977,8.216666666666667
947,MI,1978,6.958333333333332
948,MI,1979,7.808333333333334
949,MI,1980,12.350000000000001
950,MI,1981,12.391666666666667
951,MI,1982,15.333333333333334
952,MI,1983,14.399999999999999
953,MI,1984,11.200000000000001
954,MI,1985,9.95
955,MI,1986,8.825000000000001
956,MI,1987,8.308333333333335
957,MI,1988,7.483333333333332
958,MI,1989,7.175
959,MI,1990,7.633333333333332
960,MI,1991,9.199999999999998
961,MI,1992,8.975
962,MI,1993,7.250000000000001
963,MI,1994,6.008333333333334
964,MI,1995,5.258333333333333
965,MI,1996,4.891666666666667
966,MI,1997,4.250000000000001
967,MI,1998,3.9583333333333326
968,MI,1999,3.691666666666667
969,MI,2000,3.6500000000000004
970,MI,2001,5.175
971,MI,2002,6.275000000000001
972,MI,2003,7.175000000000001
973,MI,2004,7.016666666666667
974,MI,2005,6.783333333333334
975,MI,2006,7.008333333333334
976,MI,2007,7.000000000000001
977,MI,2008,8.041666666666666
978,MI,2009,13.608333333333334
979,MI,2010,12.575000000000001
980,MI,2011,10.391666666666667
981,MI,2012,9.124999999999998
982,MI,2013,8.783333333333333
983,MI,2014,7.233333333333334
984,MI,2015,5.408333333333334
985,MI,2016,4.991666666666667
986,MI,2017,4.608333333333334
987,MI,2018,4.1499999999999995
988,MI,2019,4.091666666666666
989,MI,2020,10.866666666666667
990,MN,1976,5.808333333333334
991,MN,1977,5.258333333333333
992,MN,1978,3.866666666666666
993,MN,1979,4.241666666666666
994,MN,1980,5.7749999999999995
995,MN,1981,5.766666666666667
996,MN,1982,7.916666666666667
997,MN,1983,8.008333333333333
998,MN,1984,6.283333333333334
999,MN,1985,5.991666666666666
1000,MN,1986,5.533333333333334
1001,MN,1987,5.091666666666667
1002,MN,1988,4.283333333333332
1003,MN,1989,4.341666666666667
1004,MN,1990,4.7749999999999995
1005,MN,1991,5.166666666666667
1006,MN,1992,5.125000000000001
1007,MN,1993,4.9750000000000005
1008,MN,1994,4.058333333333333
1009,MN,1995,3.725
1010,MN,1996,3.941666666666667
1011,MN,1997,3.2583333333333333
1012,MN,1998,2.6750000000000003
1013,MN,1999,2.775
1014,MN,2000,3.141666666666667
1015,MN,2001,3.7750000000000004
1016,MN,2002,4.491666666666666
1017,MN,2003,4.883333333333334
1018,MN,2004,4.675
1019,MN,2005,4.066666666666666
1020,MN,2006,3.9916666666666667
1021,MN,2007,4.550000000000002
1022,MN,2008,5.441666666666666
1023,MN,2009,7.766666666666667
1024,MN,2010,7.391666666666666
1025,MN,2011,6.491666666666667
1026,MN,2012,5.608333333333334
1027,MN,2013,4.958333333333333
1028,MN,2014,4.158333333333332
1029,MN,2015,3.6833333333333336
1030,MN,2016,3.8666666666666667
1031,MN,2017,3.4083333333333337
1032,MN,2018,2.941666666666667
1033,MN,2019,3.224999999999999
1034,MN,2020,6.377777777777777
1035,MS,1976,6.508333333333334
1036,MS,1977,7.316666666666667
1037,MS,1978,6.925
1038,MS,1979,5.766666666666667
1039,MS,1980,7.425
1040,MS,1981,8.533333333333333
1041,MS,1982,11.058333333333335
1042,MS,1983,12.041666666666666
1043,MS,1984,10.533333333333333
1044,MS,1985,10.358333333333336
1045,MS,1986,11.408333333333333
1046,MS,1987,9.966666666666667
1047,MS,1988,8.416666666666666
1048,MS,1989,7.8500000000000005
1049,MS,1990,7.591666666666668
1050,MS,1991,8.541666666666666
1051,MS,1992,8.041666666666666
1052,MS,1993,6.625000000000001
1053,MS,1994,6.266666666666667
1054,MS,1995,6.216666666666666
1055,MS,1996,6.0249999999999995
1056,MS,1997,5.708333333333333
1057,MS,1998,5.266666666666667
1058,MS,1999,5.116666666666666
1059,MS,2000,5.358333333333334
1060,MS,2001,5.533333333333334
1061,MS,2002,6.6000000000000005
1062,MS,2003,6.3
1063,MS,2004,6.158333333333332
1064,MS,2005,7.5
1065,MS,2006,6.558333333333333
1066,MS,2007,6.091666666666666
1067,MS,2008,6.599999999999999
1068,MS,2009,9.475
1069,MS,2010,10.358333333333333
1070,MS,2011,9.983333333333333
1071,MS,2012,9.000000000000002
1072,MS,2013,8.533333333333333
1073,MS,2014,7.491666666666666
1074,MS,2015,6.366666666666667
1075,MS,2016,5.808333333333333
1076,MS,2017,5.1
1077,MS,2018,4.858333333333333
1078,MS,2019,5.425000000000001
1079,MS,2020,8.433333333333332
1080,MO,1976,6.233333333333333
1081,MO,1977,6.05
1082,MO,1978,4.883333333333334
1083,MO,1979,4.841666666666667
1084,MO,1980,7.224999999999998
1085,MO,1981,7.641666666666667
1086,MO,1982,9.216666666666667
1087,MO,1983,9.891666666666667
1088,MO,1984,7.166666666666667
1089,MO,1985,6.5249999999999995
1090,MO,1986,6.258333333333332
1091,MO,1987,6.224999999999999
1092,MO,1988,5.7250000000000005
1093,MO,1989,5.541666666666667
1094,MO,1990,5.8500000000000005
1095,MO,1991,6.583333333333332
1096,MO,1992,6.191666666666667
1097,MO,1993,6.2250000000000005
1098,MO,1994,5.058333333333333
1099,MO,1995,4.725
1100,MO,1996,4.758333333333332
1101,MO,1997,4.3583333333333325
1102,MO,1998,4.116666666666666
1103,MO,1999,3.3083333333333336
1104,MO,2000,3.5833333333333335
1105,MO,2001,4.591666666666668
1106,MO,2002,5.374999999999999
1107,MO,2003,5.625
1108,MO,2004,5.858333333333334
1109,MO,2005,5.375
1110,MO,2006,4.866666666666666
1111,MO,2007,5.083333333333333
1112,MO,2008,6.175000000000001
1113,MO,2009,9.258333333333335
1114,MO,2010,9.575000000000001
1115,MO,2011,8.491666666666665
1116,MO,2012,6.9750000000000005
1117,MO,2013,6.733333333333332
1118,MO,2014,6.133333333333333
1119,MO,2015,4.999999999999999
1120,MO,2016,4.575
1121,MO,2017,3.733333333333334
1122,MO,2018,3.1666666666666665
1123,MO,2019,3.2416666666666667
1124,MO,2020,6.422222222222222
1125,MT,1976,5.941666666666666
1126,MT,1977,6.3
1127,MT,1978,5.733333333333333
1128,MT,1979,5.175000000000001
1129,MT,1980,6.116666666666667
1130,MT,1981,6.833333333333333
1131,MT,1982,8.516666666666667
1132,MT,1983,8.616666666666665
1133,MT,1984,7.608333333333334
1134,MT,1985,7.641666666666667
1135,MT,1986,7.925000000000001
1136,MT,1987,7.45
1137,MT,1988,6.658333333333332
1138,MT,1989,5.783333333333334
1139,MT,1990,5.9750000000000005
1140,MT,1991,6.883333333333334
1141,MT,1992,6.749999999999999
1142,MT,1993,6.033333333333332
1143,MT,1994,5.233333333333333
1144,MT,1995,5.650000000000001
1145,MT,1996,5.325
1146,MT,1997,5.349999999999999
1147,MT,1998,5.5249999999999995
1148,MT,1999,5.250000000000001
1149,MT,2000,4.95
1150,MT,2001,4.541666666666667
1151,MT,2002,4.3999999999999995
1152,MT,2003,4.708333333333332
1153,MT,2004,4.7666666666666675
1154,MT,2005,4.325
1155,MT,2006,3.5083333333333333
1156,MT,2007,3.5750000000000006
1157,MT,2008,5.108333333333333
1158,MT,2009,6.841666666666666
1159,MT,2010,7.3
1160,MT,2011,6.941666666666666
1161,MT,2012,5.983333333333333
1162,MT,2013,5.408333333333332
1163,MT,2014,4.658333333333333
1164,MT,2015,4.208333333333334
1165,MT,2016,4.125
1166,MT,2017,3.9583333333333326
1167,MT,2018,3.641666666666667
1168,MT,2019,3.5
1169,MT,2020,6.2555555555555555
1170,NE,1976,3.191666666666667
1171,NE,1977,3.4583333333333335
1172,NE,1978,3.116666666666667
1173,NE,1979,3.0500000000000003
1174,NE,1980,3.933333333333333
1175,NE,1981,4.258333333333334
1176,NE,1982,5.666666666666667
1177,NE,1983,5.550000000000001
1178,NE,1984,4.508333333333333
1179,NE,1985,5.158333333333332
1180,NE,1986,5.008333333333332
1181,NE,1987,4.408333333333333
1182,NE,1988,3.566666666666667
1183,NE,1989,2.9166666666666665
1184,NE,1990,2.35
1185,NE,1991,2.65
1186,NE,1992,2.866666666666666
1187,NE,1993,2.7583333333333333
1188,NE,1994,2.633333333333334
1189,NE,1995,2.641666666666666
1190,NE,1996,2.7416666666666667
1191,NE,1997,2.4916666666666663
1192,NE,1998,2.55
1193,NE,1999,2.7750000000000004
1194,NE,2000,2.8333333333333335
1195,NE,2001,3.1333333333333333
1196,NE,2002,3.650000000000001
1197,NE,2003,3.9416666666666664
1198,NE,2004,3.858333333333333
1199,NE,2005,3.8000000000000007
1200,NE,2006,3.133333333333334
1201,NE,2007,3.0000000000000004
1202,NE,2008,3.3416666666666663
1203,NE,2009,4.641666666666666
1204,NE,2010,4.625
1205,NE,2011,4.391666666666667
1206,NE,2012,4.016666666666667
1207,NE,2013,3.766666666666667
1208,NE,2014,3.266666666666667
1209,NE,2015,3.008333333333334
1210,NE,2016,3.066666666666667
1211,NE,2017,2.916666666666666
1212,NE,2018,2.916666666666666
1213,NE,2019,3.0583333333333336
1214,NE,2020,4.633333333333334
1215,NV,1976,8.766666666666667
1216,NV,1977,6.724999999999999
1217,NV,1978,4.466666666666667
1218,NV,1979,4.941666666666666
1219,NV,1980,6.1833333333333345
1220,NV,1981,7.175000000000001
1221,NV,1982,9.883333333333333
1222,NV,1983,9.566666666666666
1223,NV,1984,7.883333333333333
1224,NV,1985,7.699999999999999
1225,NV,1986,6.208333333333333
1226,NV,1987,6.0583333333333345
1227,NV,1988,5.233333333333333
1228,NV,1989,4.7250000000000005
1229,NV,1990,4.7250000000000005
1230,NV,1991,5.841666666666666
1231,NV,1992,6.650000000000001
1232,NV,1993,6.849999999999999
1233,NV,1994,6.175000000000001
1234,NV,1995,5.558333333333333
1235,NV,1996,5.041666666666667
1236,NV,1997,4.391666666666666
1237,NV,1998,4.208333333333333
1238,NV,1999,4.0
1239,NV,2000,4.166666666666667
1240,NV,2001,5.2
1241,NV,2002,5.616666666666666
1242,NV,2003,5.075
1243,NV,2004,4.300000000000001
1244,NV,2005,4.091666666666667
1245,NV,2006,4.050000000000001
1246,NV,2007,4.491666666666666
1247,NV,2008,6.708333333333333
1248,NV,2009,11.299999999999999
1249,NV,2010,13.499999999999998
1250,NV,2011,13.016666666666667
1251,NV,2012,11.191666666666665
1252,NV,2013,9.625
1253,NV,2014,7.916666666666667
1254,NV,2015,6.758333333333334
1255,NV,2016,5.708333333333333
1256,NV,2017,5.008333333333333
1257,NV,2018,4.449999999999999
1258,NV,2019,3.9000000000000004
1259,NV,2020,13.866666666666667
1260,NH,1976,6.508333333333332
1261,NH,1977,5.433333333333334
1262,NH,1978,3.8166666666666664
1263,NH,1979,3.1999999999999997
1264,NH,1980,4.55
1265,NH,1981,5.166666666666667
1266,NH,1982,6.7749999999999995
1267,NH,1983,5.5
1268,NH,1984,4.299999999999999
1269,NH,1985,3.733333333333333
1270,NH,1986,2.7583333333333333
1271,NH,1987,2.3249999999999997
1272,NH,1988,2.4250000000000003
1273,NH,1989,3.4583333333333335
1274,NH,1990,5.666666666666667
1275,NH,1991,7.291666666666667
1276,NH,1992,7.291666666666665
1277,NH,1993,6.116666666666666
1278,NH,1994,4.7250000000000005
1279,NH,1995,3.9749999999999996
1280,NH,1996,3.8083333333333336
1281,NH,1997,3.3249999999999997
1282,NH,1998,2.8333333333333335
1283,NH,1999,2.7083333333333335
1284,NH,2000,2.6750000000000003
1285,NH,2001,3.441666666666667
1286,NH,2002,4.466666666666667
1287,NH,2003,4.333333333333333
1288,NH,2004,3.7750000000000004
1289,NH,2005,3.5750000000000006
1290,NH,2006,3.441666666666667
1291,NH,2007,3.525
1292,NH,2008,3.8666666666666667
1293,NH,2009,6.2250000000000005
1294,NH,2010,5.833333333333335
1295,NH,2011,5.408333333333334
1296,NH,2012,5.483333333333334
1297,NH,2013,5.083333333333333
1298,NH,2014,4.283333333333333
1299,NH,2015,3.3749999999999996
1300,NH,2016,2.8666666666666667
1301,NH,2017,2.7249999999999996
1302,NH,2018,2.5749999999999997
1303,NH,2019,2.5500000000000007
1304,NH,2020,7.7666666666666675
1305,NJ,1976,10.424999999999999
1306,NJ,1977,9.358333333333333
1307,NJ,1978,7.266666666666666
1308,NJ,1979,6.925
1309,NJ,1980,7.216666666666666
1310,NJ,1981,7.466666666666668
1311,NJ,1982,8.708333333333334
1312,NJ,1983,8.033333333333331
1313,NJ,1984,6.166666666666668
1314,NJ,1985,5.6000000000000005
1315,NJ,1986,5.016666666666667
1316,NJ,1987,4.108333333333333
1317,NJ,1988,3.808333333333333
1318,NJ,1989,4.083333333333333
1319,NJ,1990,5.05
1320,NJ,1991,6.716666666666668
1321,NJ,1992,8.366666666666667
1322,NJ,1993,7.625
1323,NJ,1994,6.816666666666666
1324,NJ,1995,6.408333333333334
1325,NJ,1996,6.141666666666668
1326,NJ,1997,5.275
1327,NJ,1998,4.574999999999998
1328,NJ,1999,4.508333333333334
1329,NJ,2000,3.6999999999999997
1330,NJ,2001,4.2749999999999995
1331,NJ,2002,5.783333333333332
1332,NJ,2003,5.833333333333333
1333,NJ,2004,4.841666666666666
1334,NJ,2005,4.45
1335,NJ,2006,4.7333333333333325
1336,NJ,2007,4.2749999999999995
1337,NJ,2008,5.358333333333334
1338,NJ,2009,9.033333333333333
1339,NJ,2010,9.533333333333333
1340,NJ,2011,9.341666666666667
1341,NJ,2012,9.333333333333334
1342,NJ,2013,8.241666666666665
1343,NJ,2014,6.741666666666667
1344,NJ,2015,5.766666666666667
1345,NJ,2016,4.983333333333333
1346,NJ,2017,4.625000000000001
1347,NJ,2018,4.091666666666666
1348,NJ,2019,3.525000000000001
1349,NJ,2020,10.2
1350,NM,1976,8.891666666666667
1351,NM,1977,7.608333333333332
1352,NM,1978,5.941666666666666
1353,NM,1979,6.375
1354,NM,1980,7.575
1355,NM,1981,7.3
1356,NM,1982,9.241666666666669
1357,NM,1983,9.65
1358,NM,1984,7.825
1359,NM,1985,8.333333333333334
1360,NM,1986,9.308333333333332
1361,NM,1987,8.708333333333336
1362,NM,1988,7.483333333333333
1363,NM,1989,6.708333333333333
1364,NM,1990,6.566666666666666
1365,NM,1991,7.158333333333334
1366,NM,1992,7.158333333333334
1367,NM,1993,6.966666666666668
1368,NM,1994,6.466666666666668
1369,NM,1995,6.583333333333333
1370,NM,1996,7.216666666666665
1371,NM,1997,6.325
1372,NM,1998,6.066666666666667
1373,NM,1999,5.558333333333334
1374,NM,2000,4.924999999999999
1375,NM,2001,4.925
1376,NM,2002,5.541666666666667
1377,NM,2003,5.841666666666668
1378,NM,2004,5.516666666666666
1379,NM,2005,5.083333333333334
1380,NM,2006,4.175
1381,NM,2007,3.7583333333333324
1382,NM,2008,4.483333333333333
1383,NM,2009,7.508333333333333
1384,NM,2010,8.1
1385,NM,2011,7.516666666666665
1386,NM,2012,7.116666666666666
1387,NM,2013,6.941666666666666
1388,NM,2014,6.675000000000002
1389,NM,2015,6.5
1390,NM,2016,6.591666666666669
1391,NM,2017,5.8500000000000005
1392,NM,2018,4.908333333333332
1393,NM,2019,4.883333333333332
1394,NM,2020,8.755555555555556
1395,NY,1976,10.208333333333334
1396,NY,1977,9.125
1397,NY,1978,7.758333333333333
1398,NY,1979,7.175000000000001
1399,NY,1980,7.483333333333333
1400,NY,1981,7.583333333333332
1401,NY,1982,8.458333333333334
1402,NY,1983,8.683333333333334
1403,NY,1984,7.175
1404,NY,1985,6.608333333333334
1405,NY,1986,6.224999999999999
1406,NY,1987,4.875000000000001
1407,NY,1988,4.283333333333334
1408,NY,1989,4.9750000000000005
1409,NY,1990,5.366666666666667
1410,NY,1991,7.249999999999999
1411,NY,1992,8.6
1412,NY,1993,7.908333333333332
1413,NY,1994,6.941666666666666
1414,NY,1995,6.316666666666666
1415,NY,1996,6.258333333333334
1416,NY,1997,6.441666666666666
1417,NY,1998,5.608333333333333
1418,NY,1999,5.175
1419,NY,2000,4.525
1420,NY,2001,4.833333333333333
1421,NY,2002,6.141666666666667
1422,NY,2003,6.391666666666667
1423,NY,2004,5.808333333333334
1424,NY,2005,5.0
1425,NY,2006,4.558333333333333
1426,NY,2007,4.55
1427,NY,2008,5.458333333333333
1428,NY,2009,8.316666666666666
1429,NY,2010,8.591666666666669
1430,NY,2011,8.299999999999999
1431,NY,2012,8.516666666666667
1432,NY,2013,7.708333333333333
1433,NY,2014,6.333333333333335
1434,NY,2015,5.258333333333333
1435,NY,2016,4.866666666666666
1436,NY,2017,4.7
1437,NY,2018,4.141666666666667
1438,NY,2019,3.941666666666666
1439,NY,2020,10.566666666666668
1440,NC,1976,6.216666666666668
1441,NC,1977,5.916666666666667
1442,NC,1978,4.474999999999999
1443,NC,1979,4.766666666666667
1444,NC,1980,6.416666666666667
1445,NC,1981,6.475000000000001
1446,NC,1982,9.208333333333334
1447,NC,1983,8.958333333333334
1448,NC,1984,6.749999999999999
1449,NC,1985,5.558333333333334
1450,NC,1986,5.283333333333332
1451,NC,1987,4.541666666666666
1452,NC,1988,3.6500000000000004
1453,NC,1989,3.5416666666666665
1454,NC,1990,4.108333333333333
1455,NC,1991,5.808333333333333
1456,NC,1992,6.041666666666667
1457,NC,1993,5.0249999999999995
1458,NC,1994,4.366666666666666
1459,NC,1995,4.308333333333333
1460,NC,1996,4.291666666666667
1461,NC,1997,3.758333333333334
1462,NC,1998,3.4499999999999997
1463,NC,1999,3.1916666666666664
1464,NC,2000,3.6833333333333336
1465,NC,2001,5.491666666666667
1466,NC,2002,6.625
1467,NC,2003,6.383333333333333
1468,NC,2004,5.4750000000000005
1469,NC,2005,5.241666666666667
1470,NC,2006,4.758333333333333
1471,NC,2007,4.716666666666667
1472,NC,2008,6.133333333333333
1473,NC,2009,10.575000000000001
1474,NC,2010,10.816666666666668
1475,NC,2011,10.266666666666667
1476,NC,2012,9.291666666666666
1477,NC,2013,7.958333333333333
1478,NC,2014,6.316666666666666
1479,NC,2015,5.691666666666666
1480,NC,2016,5.083333333333334
1481,NC,2017,4.466666666666666
1482,NC,2018,3.9833333333333325
1483,NC,2019,3.8833333333333333
1484,NC,2020,7.444444444444445
1485,ND,1976,3.691666666666667
1486,ND,1977,4.533333333333334
1487,ND,1978,4.233333333333333
1488,ND,1979,4.016666666666666
1489,ND,1980,4.941666666666666
1490,ND,1981,4.825
1491,ND,1982,5.558333333333334
1492,ND,1983,5.6499999999999995
1493,ND,1984,5.283333333333332
1494,ND,1985,5.675000000000001
1495,ND,1986,5.841666666666668
1496,ND,1987,4.991666666666666
1497,ND,1988,4.6833333333333345
1498,ND,1989,4.291666666666667
1499,ND,1990,4.0249999999999995
1500,ND,1991,4.374999999999999
1501,ND,1992,4.75
1502,ND,1993,4.291666666666668
1503,ND,1994,3.7083333333333335
1504,ND,1995,3.233333333333333
1505,ND,1996,2.9
1506,ND,1997,2.733333333333333
1507,ND,1998,2.891666666666666
1508,ND,1999,3.2916666666666674
1509,ND,2000,2.9583333333333335
1510,ND,2001,2.933333333333333
1511,ND,2002,3.741666666666666
1512,ND,2003,3.716666666666667
1513,ND,2004,3.4083333333333328
1514,ND,2005,3.3749999999999987
1515,ND,2006,3.208333333333334
1516,ND,2007,3.1
1517,ND,2008,3.1916666666666664
1518,ND,2009,4.1000000000000005
1519,ND,2010,3.7833333333333337
1520,ND,2011,3.4666666666666663
1521,ND,2012,3.066666666666667
1522,ND,2013,2.916666666666666
1523,ND,2014,2.6666666666666665
1524,ND,2015,2.8000000000000003
1525,ND,2016,3.091666666666667
1526,ND,2017,2.6666666666666665
1527,ND,2018,2.5749999999999997
1528,ND,2019,2.366666666666666
1529,ND,2020,5.344444444444445
1530,OH,1976,7.766666666666666
1531,OH,1977,6.516666666666667
1532,OH,1978,5.466666666666666
1533,OH,1979,5.833333333333333
1534,OH,1980,8.4
1535,OH,1981,9.408333333333331
1536,OH,1982,12.691666666666668
1537,OH,1983,12.375
1538,OH,1984,9.466666666666667
1539,OH,1985,8.883333333333333
1540,OH,1986,8.308333333333332
1541,OH,1987,7.116666666666668
1542,OH,1988,6.008333333333333
1543,OH,1989,5.558333333333334
1544,OH,1990,5.666666666666667
1545,OH,1991,6.5
1546,OH,1992,7.358333333333334
1547,OH,1993,6.616666666666667
1548,OH,1994,5.566666666666666
1549,OH,1995,4.791666666666667
1550,OH,1996,4.991666666666666
1551,OH,1997,4.641666666666667
1552,OH,1998,4.308333333333333
1553,OH,1999,4.283333333333333
1554,OH,2000,3.9999999999999996
1555,OH,2001,4.3
1556,OH,2002,5.750000000000001
1557,OH,2003,6.25
1558,OH,2004,6.258333333333333
1559,OH,2005,5.908333333333331
1560,OH,2006,5.425000000000001
1561,OH,2007,5.541666666666668
1562,OH,2008,6.4750000000000005
1563,OH,2009,10.291666666666666
1564,OH,2010,10.241666666666667
1565,OH,2011,8.85
1566,OH,2012,7.408333333333332
1567,OH,2013,7.425
1568,OH,2014,5.800000000000001
1569,OH,2015,4.908333333333333
1570,OH,2016,5.0583333333333345
1571,OH,2017,4.958333333333333
1572,OH,2018,4.466666666666666
1573,OH,2019,4.141666666666667
1574,OH,2020,9.200000000000001
1575,OK,1976,5.683333333333334
1576,OK,1977,4.95
1577,OK,1978,3.5749999999999993
1578,OK,1979,3.366666666666666
1579,OK,1980,4.4
1580,OK,1981,3.6333333333333333
1581,OK,1982,6.008333333333333
1582,OK,1983,8.366666666666667
1583,OK,1984,7.091666666666666
1584,OK,1985,7.175
1585,OK,1986,8.241666666666667
1586,OK,1987,7.266666666666667
1587,OK,1988,6.408333333333332
1588,OK,1989,5.666666666666667
1589,OK,1990,5.683333333333334
1590,OK,1991,6.308333333333333
1591,OK,1992,6.0
1592,OK,1993,5.95
1593,OK,1994,5.550000000000001
1594,OK,1995,4.591666666666667
1595,OK,1996,4.066666666666666
1596,OK,1997,4.066666666666667
1597,OK,1998,4.241666666666666
1598,OK,1999,3.516666666666666
1599,OK,2000,3.0416666666666665
1600,OK,2001,3.6500000000000004
1601,OK,2002,4.666666666666667
1602,OK,2003,5.441666666666666
1603,OK,2004,4.858333333333335
1604,OK,2005,4.458333333333333
1605,OK,2006,4.025
1606,OK,2007,4.075
1607,OK,2008,3.766666666666667
1608,OK,2009,6.383333333333333
1609,OK,2010,6.775000000000001
1610,OK,2011,5.874999999999999
1611,OK,2012,5.266666666666667
1612,OK,2013,5.283333333333333
1613,OK,2014,4.508333333333334
1614,OK,2015,4.3999999999999995
1615,OK,2016,4.8
1616,OK,2017,4.216666666666667
1617,OK,2018,3.4416666666666664
1618,OK,2019,3.2916666666666665
1619,OK,2020,6.800000000000001
1620,OR,1976,9.308333333333332
1621,OR,1977,7.433333333333334
1622,OR,1978,6.075
1623,OR,1979,6.6833333333333345
1624,OR,1980,8.483333333333334
1625,OR,1981,9.758333333333333
1626,OR,1982,11.558333333333332
1627,OR,1983,10.791666666666666
1628,OR,1984,9.416666666666666
1629,OR,1985,8.858333333333334
1630,OR,1986,8.041666666666666
1631,OR,1987,6.241666666666667
1632,OR,1988,5.7749999999999995
1633,OR,1989,5.416666666666665
1634,OR,1990,5.5
1635,OR,1991,6.391666666666666
1636,OR,1992,7.374999999999999
1637,OR,1993,7.058333333333334
1638,OR,1994,5.441666666666666
1639,OR,1995,4.8999999999999995
1640,OR,1996,5.7
1641,OR,1997,5.666666666666667
1642,OR,1998,5.733333333333333
1643,OR,1999,5.508333333333333
1644,OR,2000,5.108333333333334
1645,OR,2001,6.425
1646,OR,2002,7.508333333333333
1647,OR,2003,8.141666666666666
1648,OR,2004,7.283333333333334
1649,OR,2005,6.1833333333333345
1650,OR,2006,5.333333333333333
1651,OR,2007,5.166666666666666
1652,OR,2008,6.566666666666666
1653,OR,2009,11.258333333333333
1654,OR,2010,10.608333333333334
1655,OR,2011,9.5
1656,OR,2012,8.825
1657,OR,2013,7.874999999999999
1658,OR,2014,6.766666666666667
1659,OR,2015,5.583333333333333
1660,OR,2016,4.816666666666666
1661,OR,2017,4.108333333333334
1662,OR,2018,4.05
1663,OR,2019,3.766666666666666
1664,OR,2020,8.644444444444444
1665,PA,1976,7.9750000000000005
1666,PA,1977,7.666666666666668
1667,PA,1978,6.924999999999998
1668,PA,1979,6.8666666666666645
1669,PA,1980,8.041666666666666
1670,PA,1981,8.383333333333333
1671,PA,1982,11.141666666666667
1672,PA,1983,11.516666666666666
1673,PA,1984,9.083333333333334
1674,PA,1985,8.008333333333333
1675,PA,1986,6.891666666666667
1676,PA,1987,5.666666666666667
1677,PA,1988,5.05
1678,PA,1989,4.691666666666666
1679,PA,1990,5.466666666666666
1680,PA,1991,7.058333333333334
1681,PA,1992,7.591666666666669
1682,PA,1993,7.0
1683,PA,1994,6.25
1684,PA,1995,5.858333333333333
1685,PA,1996,5.441666666666667
1686,PA,1997,5.116666666666666
1687,PA,1998,4.608333333333334
1688,PA,1999,4.3999999999999995
1689,PA,2000,4.125000000000001
1690,PA,2001,4.8
1691,PA,2002,5.608333333333334
1692,PA,2003,5.666666666666667
1693,PA,2004,5.425
1694,PA,2005,4.966666666666666
1695,PA,2006,4.591666666666667
1696,PA,2007,4.391666666666667
1697,PA,2008,5.316666666666667
1698,PA,2009,8.049999999999999
1699,PA,2010,8.433333333333334
1700,PA,2011,7.925000000000001
1701,PA,2012,7.825000000000002
1702,PA,2013,7.341666666666666
1703,PA,2014,5.875000000000001
1704,PA,2015,5.283333333333334
1705,PA,2016,5.375
1706,PA,2017,4.858333333333334
1707,PA,2018,4.258333333333334
1708,PA,2019,4.3500000000000005
1709,PA,2020,9.877777777777778
1710,RI,1976,8.208333333333334
1711,RI,1977,8.025
1712,RI,1978,6.566666666666666
1713,RI,1979,6.391666666666667
1714,RI,1980,7.216666666666666
1715,RI,1981,7.775000000000001
1716,RI,1982,9.700000000000001
1717,RI,1983,8.316666666666666
1718,RI,1984,5.508333333333333
1719,RI,1985,4.633333333333334
1720,RI,1986,4.066666666666667
1721,RI,1987,3.633333333333333
1722,RI,1988,3.108333333333333
1723,RI,1989,4.116666666666666
1724,RI,1990,6.374999999999999
1725,RI,1991,8.566666666666668
1726,RI,1992,8.883333333333335
1727,RI,1993,7.766666666666666
1728,RI,1994,6.916666666666665
1729,RI,1995,6.316666666666666
1730,RI,1996,5.449999999999999
1731,RI,1997,5.141666666666667
1732,RI,1998,4.608333333333333
1733,RI,1999,4.1416666666666675
1734,RI,2000,4.075000000000001
1735,RI,2001,4.558333333333333
1736,RI,2002,4.983333333333333
1737,RI,2003,5.333333333333331
1738,RI,2004,5.158333333333333
1739,RI,2005,5.041666666666667
1740,RI,2006,4.9416666666666655
1741,RI,2007,5.191666666666666
1742,RI,2008,7.808333333333334
1743,RI,2009,10.975000000000001
1744,RI,2010,11.199999999999998
1745,RI,2011,11.024999999999999
1746,RI,2012,10.391666666666667
1747,RI,2013,9.266666666666666
1748,RI,2014,7.6916666666666655
1749,RI,2015,6.0
1750,RI,2016,5.191666666666666
1751,RI,2017,4.416666666666666
1752,RI,2018,3.9666666666666655
1753,RI,2019,3.5750000000000006
1754,RI,2020,10.366666666666667
1755,SC,1976,7.175
1756,SC,1977,6.841666666666668
1757,SC,1978,5.741666666666666
1758,SC,1979,5.016666666666667
1759,SC,1980,6.766666666666667
1760,SC,1981,8.091666666666667
1761,SC,1982,11.116666666666667
1762,SC,1983,9.85
1763,SC,1984,6.916666666666665
1764,SC,1985,6.925
1765,SC,1986,6.441666666666666
1766,SC,1987,5.516666666666667
1767,SC,1988,4.675
1768,SC,1989,4.6
1769,SC,1990,4.833333333333333
1770,SC,1991,6.141666666666667
1771,SC,1992,6.750000000000001
1772,SC,1993,7.291666666666665
1773,SC,1994,6.208333333333332
1774,SC,1995,5.191666666666666
1775,SC,1996,5.791666666666667
1776,SC,1997,4.591666666666666
1777,SC,1998,3.775
1778,SC,1999,4.258333333333333
1779,SC,2000,3.8000000000000003
1780,SC,2001,5.208333333333333
1781,SC,2002,5.858333333333334
1782,SC,2003,6.900000000000001
1783,SC,2004,6.824999999999998
1784,SC,2005,6.716666666666668
1785,SC,2006,6.458333333333333
1786,SC,2007,5.650000000000001
1787,SC,2008,6.8500000000000005
1788,SC,2009,11.233333333333333
1789,SC,2010,11.133333333333335
1790,SC,2011,10.541666666666668
1791,SC,2012,9.200000000000001
1792,SC,2013,7.616666666666666
1793,SC,2014,6.458333333333333
1794,SC,2015,5.974999999999999
1795,SC,2016,5.025
1796,SC,2017,4.275000000000001
1797,SC,2018,3.4583333333333326
1798,SC,2019,2.858333333333333
1799,SC,2020,6.911111111111111
1800,SD,1976,3.216666666666667
1801,SD,1977,3.2916666666666665
1802,SD,1978,3.1
1803,SD,1979,3.35
1804,SD,1980,4.791666666666667
1805,SD,1981,4.949999999999999
1806,SD,1982,5.4750000000000005
1807,SD,1983,5.2
1808,SD,1984,4.391666666666667
1809,SD,1985,4.824999999999998
1810,SD,1986,4.583333333333333
1811,SD,1987,4.208333333333334
1812,SD,1988,4.066666666666667
1813,SD,1989,4.008333333333334
1814,SD,1990,3.7833333333333337
1815,SD,1991,3.4916666666666667
1816,SD,1992,3.3166666666666664
1817,SD,1993,3.3416666666666663
1818,SD,1994,3.2750000000000004
1819,SD,1995,3.0416666666666674
1820,SD,1996,3.1500000000000004
1821,SD,1997,2.941666666666666
1822,SD,1998,2.7916666666666665
1823,SD,1999,2.725
1824,SD,2000,2.4583333333333335
1825,SD,2001,3.091666666666667
1826,SD,2002,3.191666666666667
1827,SD,2003,3.5333333333333337
1828,SD,2004,3.7166666666666663
1829,SD,2005,3.8000000000000003
1830,SD,2006,3.116666666666667
1831,SD,2007,2.8250000000000006
1832,SD,2008,3.0999999999999996
1833,SD,2009,4.925
1834,SD,2010,4.974999999999999
1835,SD,2011,4.7250000000000005
1836,SD,2012,4.266666666666667
1837,SD,2013,3.7833333333333337
1838,SD,2014,3.4083333333333328
1839,SD,2015,3.1
1840,SD,2016,2.983333333333334
1841,SD,2017,3.208333333333334
1842,SD,2018,3.0749999999999997
1843,SD,2019,3.283333333333333
1844,SD,2020,5.844444444444445
1845,TN,1976,6.050000000000001
1846,TN,1977,6.233333333333334
1847,TN,1978,5.825
1848,TN,1979,5.858333333333333
1849,TN,1980,7.458333333333332
1850,TN,1981,8.933333333333334
1851,TN,1982,11.716666666666667
1852,TN,1983,11.550000000000002
1853,TN,1984,8.566666666666668
1854,TN,1985,7.933333333333334
1855,TN,1986,7.891666666666666
1856,TN,1987,6.608333333333334
1857,TN,1988,5.8166666666666655
1858,TN,1989,5.075
1859,TN,1990,5.383333333333334
1860,TN,1991,6.783333333333331
1861,TN,1992,6.491666666666667
1862,TN,1993,5.824999999999999
1863,TN,1994,4.833333333333334
1864,TN,1995,5.166666666666667
1865,TN,1996,5.141666666666667
1866,TN,1997,5.266666666666667
1867,TN,1998,4.3
1868,TN,1999,3.958333333333332
1869,TN,2000,3.866666666666666
1870,TN,2001,4.575
1871,TN,2002,5.174999999999999
1872,TN,2003,5.625
1873,TN,2004,5.358333333333333
1874,TN,2005,5.558333333333333
1875,TN,2006,5.225
1876,TN,2007,4.666666666666667
1877,TN,2008,6.625
1878,TN,2009,10.458333333333332
1879,TN,2010,9.633333333333335
1880,TN,2011,8.966666666666665
1881,TN,2012,7.824999999999999
1882,TN,2013,7.733333333333333
1883,TN,2014,6.600000000000001
1884,TN,2015,5.6000000000000005
1885,TN,2016,4.7333333333333325
1886,TN,2017,3.766666666666667
1887,TN,2018,3.525
1888,TN,2019,3.3916666666666657
1889,TN,2020,7.855555555555554
1890,TX,1976,5.783333333333334
1891,TX,1977,5.325000000000002
1892,TX,1978,4.775000000000001
1893,TX,1979,4.3583333333333325
1894,TX,1980,5.141666666666666
1895,TX,1981,5.3
1896,TX,1982,6.8999999999999995
1897,TX,1983,7.925000000000001
1898,TX,1984,6.116666666666666
1899,TX,1985,7.041666666666667
1900,TX,1986,8.758333333333335
1901,TX,1987,8.424999999999999
1902,TX,1988,7.341666666666666
1903,TX,1989,6.658333333333334
1904,TX,1990,6.333333333333332
1905,TX,1991,6.925
1906,TX,1992,7.633333333333333
1907,TX,1993,7.158333333333334
1908,TX,1994,6.491666666666667
1909,TX,1995,6.058333333333334
1910,TX,1996,5.691666666666666
1911,TX,1997,5.3
1912,TX,1998,4.883333333333333
1913,TX,1999,4.666666666666668
1914,TX,2000,4.275
1915,TX,2001,4.958333333333333
1916,TX,2002,6.366666666666666
1917,TX,2003,6.691666666666666
1918,TX,2004,5.9416666666666655
1919,TX,2005,5.408333333333331
1920,TX,2006,4.891666666666667
1921,TX,2007,4.274999999999999
1922,TX,2008,4.825
1923,TX,2009,7.5666666666666655
1924,TX,2010,8.133333333333331
1925,TX,2011,7.758333333333333
1926,TX,2012,6.741666666666667
1927,TX,2013,6.25
1928,TX,2014,5.116666666666667
1929,TX,2015,4.425
1930,TX,2016,4.633333333333333
1931,TX,2017,4.308333333333334
1932,TX,2018,3.8416666666666672
1933,TX,2019,3.508333333333333
1934,TX,2020,7.788888888888888
1935,UT,1976,5.566666666666666
1936,UT,1977,5.125000000000001
1937,UT,1978,3.7916666666666674
1938,UT,1979,4.333333333333333
1939,UT,1980,6.199999999999999
1940,UT,1981,6.566666666666666
1941,UT,1982,8.191666666666666
1942,UT,1983,8.725
1943,UT,1984,6.474999999999999
1944,UT,1985,6.0249999999999995
1945,UT,1986,6.108333333333334
1946,UT,1987,6.224999999999999
1947,UT,1988,4.958333333333333
1948,UT,1989,4.533333333333334
1949,UT,1990,4.408333333333332
1950,UT,1991,4.708333333333332
1951,UT,1992,4.833333333333333
1952,UT,1993,4.083333333333333
1953,UT,1994,3.7916666666666665
1954,UT,1995,3.4999999999999996
1955,UT,1996,3.3499999999999996
1956,UT,1997,3.1916666666666664
1957,UT,1998,3.6500000000000004
1958,UT,1999,3.566666666666667
1959,UT,2000,3.35
1960,UT,2001,4.408333333333334
1961,UT,2002,5.791666666666667
1962,UT,2003,5.650000000000001
1963,UT,2004,4.966666666666667
1964,UT,2005,4.075
1965,UT,2006,2.983333333333333
1966,UT,2007,2.5916666666666663
1967,UT,2008,3.5833333333333335
1968,UT,2009,7.316666666666666
1969,UT,2010,7.833333333333332
1970,UT,2011,6.75
1971,UT,2012,5.400000000000001
1972,UT,2013,4.591666666666666
1973,UT,2014,3.8166666666666678
1974,UT,2015,3.600000000000001
1975,UT,2016,3.4499999999999993
1976,UT,2017,3.258333333333334
1977,UT,2018,3.0500000000000003
1978,UT,2019,2.5999999999999996
1979,UT,2020,5.188888888888889
1980,VT,1976,8.325000000000001
1981,VT,1977,6.983333333333333
1982,VT,1978,5.599999999999999
1983,VT,1979,5.141666666666667
1984,VT,1980,6.183333333333334
1985,VT,1981,5.833333333333333
1986,VT,1982,6.983333333333334
1987,VT,1983,6.433333333333334
1988,VT,1984,5.066666666666666
1989,VT,1985,4.783333333333333
1990,VT,1986,4.2666666666666675
1991,VT,1987,3.566666666666667
1992,VT,1988,2.9916666666666667
1993,VT,1989,3.5750000000000006
1994,VT,1990,4.999999999999999
1995,VT,1991,6.566666666666666
1996,VT,1992,6.108333333333333
1997,VT,1993,5.158333333333333
1998,VT,1994,4.566666666666666
1999,VT,1995,4.258333333333332
2000,VT,1996,4.275
2001,VT,1997,3.9166666666666665
2002,VT,1998,3.4
2003,VT,1999,2.9499999999999997
2004,VT,2000,2.7999999999999994
2005,VT,2001,3.3083333333333336
2006,VT,2002,3.991666666666667
2007,VT,2003,4.300000000000001
2008,VT,2004,3.6666666666666665
2009,VT,2005,3.4916666666666667
2010,VT,2006,3.683333333333333
2011,VT,2007,4.025000000000001
2012,VT,2008,4.708333333333333
2013,VT,2009,6.566666666666666
2014,VT,2010,6.083333333333335
2015,VT,2011,5.466666666666666
2016,VT,2012,4.925
2017,VT,2013,4.408333333333333
2018,VT,2014,3.9333333333333322
2019,VT,2015,3.558333333333333
2020,VT,2016,3.216666666666667
2021,VT,2017,2.9416666666666664
2022,VT,2018,2.5499999999999994
2023,VT,2019,2.366666666666666
2024,VT,2020,7.111111111111111
2025,VA,1976,5.824999999999999
2026,VA,1977,5.474999999999999
2027,VA,1978,5.291666666666667
2028,VA,1979,4.7250000000000005
2029,VA,1980,5.175
2030,VA,1981,5.983333333333333
2031,VA,1982,7.45
2032,VA,1983,6.466666666666666
2033,VA,1984,5.083333333333334
2034,VA,1985,5.483333333333333
2035,VA,1986,5.041666666666667
2036,VA,1987,4.283333333333332
2037,VA,1988,3.9416666666666664
2038,VA,1989,3.891666666666666
2039,VA,1990,4.45
2040,VA,1991,5.908333333333331
2041,VA,1992,6.266666666666667
2042,VA,1993,5.258333333333334
2043,VA,1994,4.841666666666666
2044,VA,1995,4.525000000000001
2045,VA,1996,4.433333333333333
2046,VA,1997,3.841666666666667
2047,VA,1998,2.9
2048,VA,1999,2.7500000000000004
2049,VA,2000,2.3000000000000003
2050,VA,2001,3.233333333333333
2051,VA,2002,4.2250000000000005
2052,VA,2003,4.125
2053,VA,2004,3.8000000000000007
2054,VA,2005,3.5749999999999997
2055,VA,2006,3.1166666666666667
2056,VA,2007,3.041666666666666
2057,VA,2008,3.9583333333333335
2058,VA,2009,6.683333333333334
2059,VA,2010,7.125000000000001
2060,VA,2011,6.591666666666668
2061,VA,2012,6.058333333333333
2062,VA,2013,5.7
2063,VA,2014,5.233333333333334
2064,VA,2015,4.458333333333333
2065,VA,2016,4.100000000000001
2066,VA,2017,3.6999999999999997
2067,VA,2018,3.041666666666666
2068,VA,2019,2.8000000000000003
2069,VA,2020,6.344444444444445
2070,WA,1976,8.875
2071,WA,1977,8.466666666666667
2072,WA,1978,6.833333333333333
2073,WA,1979,6.675
2074,WA,1980,8.066666666666668
2075,WA,1981,9.558333333333334
2076,WA,1982,11.933333333333332
2077,WA,1983,11.125
2078,WA,1984,9.283333333333333
2079,WA,1985,8.35
2080,WA,1986,8.125
2081,WA,1987,7.333333333333333
2082,WA,1988,6.316666666666667
2083,WA,1989,5.866666666666666
2084,WA,1990,5.266666666666667
2085,WA,1991,6.3500000000000005
2086,WA,1992,7.341666666666666
2087,WA,1993,7.349999999999999
2088,WA,1994,6.533333333333334
2089,WA,1995,6.425
2090,WA,1996,6.050000000000001
2091,WA,1997,4.941666666666667
2092,WA,1998,4.7749999999999995
2093,WA,1999,4.883333333333332
2094,WA,2000,5.158333333333332
2095,WA,2001,6.291666666666667
2096,WA,2002,7.383333333333332
2097,WA,2003,7.416666666666667
2098,WA,2004,6.258333333333333
2099,WA,2005,5.541666666666667
2100,WA,2006,5.050000000000001
2101,WA,2007,4.691666666666667
2102,WA,2008,5.408333333333334
2103,WA,2009,9.116666666666667
2104,WA,2010,9.991666666666665
2105,WA,2011,9.275
2106,WA,2012,8.108333333333334
2107,WA,2013,7.033333333333332
2108,WA,2014,6.125
2109,WA,2015,5.641666666666667
2110,WA,2016,5.258333333333333
2111,WA,2017,4.708333333333334
2112,WA,2018,4.458333333333333
2113,WA,2019,4.258333333333334
2114,WA,2020,8.955555555555556
2115,WV,1976,7.324999999999999
2116,WV,1977,6.883333333333334
2117,WV,1978,6.175
2118,WV,1979,6.916666666666665
2119,WV,1980,9.466666666666667
2120,WV,1981,10.566666666666666
2121,WV,1982,13.983333333333334
2122,WV,1983,17.791666666666668
2123,WV,1984,14.758333333333333
2124,WV,1985,13.149999999999999
2125,WV,1986,11.808333333333332
2126,WV,1987,10.816666666666665
2127,WV,1988,9.833333333333334
2128,WV,1989,8.616666666666665
2129,WV,1990,8.466666666666667
2130,WV,1991,10.666666666666666
2131,WV,1992,11.316666666666668
2132,WV,1993,10.641666666666667
2133,WV,1994,8.825
2134,WV,1995,7.875
2135,WV,1996,7.483333333333334
2136,WV,1997,6.850000000000001
2137,WV,1998,6.616666666666668
2138,WV,1999,6.45
2139,WV,2000,5.483333333333333
2140,WV,2001,5.0249999999999995
2141,WV,2002,5.916666666666667
2142,WV,2003,6.041666666666667
2143,WV,2004,5.316666666666667
2144,WV,2005,5.1000000000000005
2145,WV,2006,4.95
2146,WV,2007,4.5583333333333345
2147,WV,2008,4.366666666666666
2148,WV,2009,7.708333333333335
2149,WV,2010,8.624999999999998
2150,WV,2011,8.058333333333335
2151,WV,2012,7.491666666666667
2152,WV,2013,6.791666666666667
2153,WV,2014,6.633333333333333
2154,WV,2015,6.733333333333334
2155,WV,2016,6.075
2156,WV,2017,5.191666666666666
2157,WV,2018,5.208333333333334
2158,WV,2019,4.883333333333334
2159,WV,2020,9.18888888888889
2160,WI,1976,5.516666666666666
2161,WI,1977,5.116666666666666
2162,WI,1978,4.966666666666667
2163,WI,1979,4.591666666666667
2164,WI,1980,7.233333333333333
2165,WI,1981,8.008333333333333
2166,WI,1982,10.541666666666666
2167,WI,1983,10.216666666666667
2168,WI,1984,7.3999999999999995
2169,WI,1985,7.166666666666668
2170,WI,1986,6.966666666666666
2171,WI,1987,5.883333333333334
2172,WI,1988,4.408333333333334
2173,WI,1989,4.333333333333332
2174,WI,1990,4.383333333333334
2175,WI,1991,5.474999999999999
2176,WI,1992,5.116666666666666
2177,WI,1993,4.783333333333333
2178,WI,1994,4.483333333333333
2179,WI,1995,3.774999999999999
2180,WI,1996,3.625
2181,WI,1997,3.5499999999999994
2182,WI,1998,3.358333333333334
2183,WI,1999,3.1250000000000004
2184,WI,2000,3.5416666666666665
2185,WI,2001,4.525
2186,WI,2002,5.383333333333333
2187,WI,2003,5.7
2188,WI,2004,5.0249999999999995
2189,WI,2005,4.716666666666666
2190,WI,2006,4.741666666666665
2191,WI,2007,4.891666666666667
2192,WI,2008,4.925
2193,WI,2009,8.575
2194,WI,2010,8.641666666666667
2195,WI,2011,7.758333333333333
2196,WI,2012,7.033333333333335
2197,WI,2013,6.7
2198,WI,2014,5.3999999999999995
2199,WI,2015,4.5249999999999995
2200,WI,2016,4.008333333333333
2201,WI,2017,3.266666666666667
2202,WI,2018,3.0
2203,WI,2019,3.3499999999999996
2204,WI,2020,7.022222222222222
2205,WY,1976,3.9666666666666655
2206,WY,1977,3.3833333333333333
2207,WY,1978,3.0083333333333333
2208,WY,1979,2.7583333333333333
2209,WY,1980,3.8666666666666667
2210,WY,1981,4.075
2211,WY,1982,6.233333333333333
2212,WY,1983,8.125
2213,WY,1984,6.233333333333333
2214,WY,1985,6.883333333333334
2215,WY,1986,8.883333333333335
2216,WY,1987,8.008333333333333
2217,WY,1988,6.433333333333334
2218,WY,1989,6.116666666666667
2219,WY,1990,5.324999999999999
2220,WY,1991,5.241666666666667
2221,WY,1992,5.575
2222,WY,1993,5.374999999999999
2223,WY,1994,4.958333333333333
2224,WY,1995,4.7749999999999995
2225,WY,1996,4.941666666666666
2226,WY,1997,4.758333333333334
2227,WY,1998,4.699999999999999
2228,WY,1999,4.616666666666666
2229,WY,2000,3.883333333333333
2230,WY,2001,3.7999999999999994
2231,WY,2002,4.033333333333333
2232,WY,2003,4.2666666666666675
2233,WY,2004,3.816666666666667
2234,WY,2005,3.5750000000000006
2235,WY,2006,3.1749999999999994
2236,WY,2007,2.849999999999999
2237,WY,2008,3.0666666666666664
2238,WY,2009,6.333333333333332
2239,WY,2010,6.449999999999999
2240,WY,2011,5.791666666666668
2241,WY,2012,5.308333333333333
2242,WY,2013,4.716666666666667
2243,WY,2014,4.133333333333334
2244,WY,2015,4.333333333333333
2245,WY,2016,5.316666666666666
2246,WY,2017,4.166666666666667
2247,WY,2018,3.8666666666666667
2248,WY,2019,3.600000000000001
2249,WY,2020,6.333333333333333
