year,state_po,state_fips,office,d_prob
1976,AZ,4,senate,0.5401087411125052
1976,CA,6,senate,0.4688871796670301
1976,CT,9,senate,0.41200852485117495
1976,DE,10,senate,0.4361395938521764
1976,FL,12,senate,0.6297450878974669
1976,HI,15,senate,0.5372701031473855
1976,IN,18,senate,0.4018726745996529
1976,ME,23,senate,0.6020325261778758
1976,MD,24,senate,0.5655216107933113
1976,MA,25,senate,0.6930872190923851
1976,MI,26,senate,0.5245887877992627
1976,MN,27,senate,0.6750640683674857
1976,MO,29,senate,0.4249610856325021
1976,MT,30,senate,0.6415778749086157
1976,NE,31,senate,0.5289056311203251
1976,NV,32,senate,0.6300873208881669
1976,NJ,34,senate,0.6066053496620829
1976,NM,35,senate,0.4270171599008367
1976,NY,36,senate,0.485761469954064
1976,ND,38,senate,0.6209664313825239
1976,OH,39,senate,0.4951044645314394
1976,PA,42,senate,0.4678424662581194
1976,RI,44,senate,0.4203120534662301
1976,TN,47,senate,0.5245501890302406
1976,TX,48,senate,0.567843416627304
1976,UT,49,senate,0.4289304128647713
1976,VT,50,senate,0.4532000423146091
1976,WA,53,senate,0.7184032577051608
1976,WI,55,senate,0.7218800495870417
1976,WY,56,senate,0.4541346995520313
1978,AL,1,senate,0.550601363034739
1978,AK,2,senate,0.24094638303419394
1978,AR,5,senate,0.7647977909184782
1978,CO,8,senate,0.4029851474996826
1978,DE,10,senate,0.5795572338220051
1978,GA,13,senate,0.8313388970870897
1978,ID,16,senate,0.3155639735677546
1978,IL,17,senate,0.4547234897154075
1978,IA,19,senate,0.4791141144054642
1978,KS,20,senate,0.42412588019587655
1978,KY,21,senate,0.6097742578909063
1978,ME,23,senate,0.3394354782812692
1978,MA,25,senate,0.5505781336556378
1978,MI,26,senate,0.5213859897492825
1978,MN,27,senate,0.34566433261292523
1978,MN,27,senate,0.4038758159762423
1978,MS,28,senate,0.31773900609247824
1978,MT,30,senate,0.5568934021434873
1978,NE,31,senate,0.6765788716935128
1978,NH,33,senate,0.4850811343645738
1978,NJ,34,senate,0.5532320314276008
1978,NM,35,senate,0.4659419424898177
1978,NC,37,senate,0.4548834580309804
1978,OK,40,senate,0.654880784446825
1978,OR,41,senate,0.3827553057753457
1978,RI,44,senate,0.7511239521232388
1978,SC,45,senate,0.4432248051222742
1978,SD,46,senate,0.33164057762354315
1978,TN,47,senate,0.4029300990239341
1978,TX,48,senate,0.4925964523856885
1978,VA,51,senate,0.4978588773546622
1978,WV,54,senate,0.504780572047082
1978,WY,56,senate,0.6216670165861852
1980,AL,1,senate,0.4705391989401253
1980,AK,2,senate,0.4593396358811447
1980,AZ,4,senate,0.4838179077093423
1980,AR,5,senate,0.5908727862593532
1980,CA,6,senate,0.5651238849727751
1980,CO,8,senate,0.5033499780930186
1980,CT,9,senate,0.5633678078277381
1980,FL,12,senate,0.4833887372775953
1980,GA,13,senate,0.4912829173283944
1980,HI,15,senate,0.7794455671062408
1980,ID,16,senate,0.4877526743046126
1980,IL,17,senate,0.5601060604638093
1980,IN,18,senate,0.4621420539525541
1980,IA,19,senate,0.4554043662185803
1980,KS,20,senate,0.3623925270273293
1980,KY,21,senate,0.6512584468615618
1980,MD,24,senate,0.3383267707963996
1980,MO,29,senate,0.520017997401988
1980,NV,32,senate,0.37870622716043295
1980,NH,33,senate,0.4784701114488348
1980,NY,36,senate,0.4353613368370687
1980,NC,37,senate,0.4937810993705724
1980,OH,39,senate,0.6880003813966816
1980,OK,40,senate,0.4354781142389925
1980,OR,41,senate,0.4401276990497101
1980,PA,42,senate,0.480391766307337
1980,SC,45,senate,0.7036806433084434
1980,SD,46,senate,0.3939745570694825
1980,UT,49,senate,0.2548452123345527
1980,VT,50,senate,0.4981542051605746
1980,WA,53,senate,0.4582655671329444
1980,WI,55,senate,0.4833889997377736
1982,AZ,4,senate,0.5691097342809976
1982,CA,6,senate,0.4477599625902414
1982,CT,9,senate,0.4606758787198618
1982,DE,10,senate,0.4420454545454545
1982,FL,12,senate,0.6171912540009701
1982,HI,15,senate,0.8008420090728109
1982,IN,18,senate,0.4558443437937981
1982,ME,23,senate,0.6086792904299403
1982,MD,24,senate,0.6345764293211565
1982,MA,25,senate,0.6081055447980733
1982,MI,26,senate,0.5773547640309998
1982,MN,27,senate,0.4656799700777148
1982,MS,28,senate,0.6419880748993064
1982,MO,29,senate,0.49149250317941906
1982,MT,30,senate,0.5446331238203214
1982,NE,31,senate,0.6659067125815775
1982,NV,32,senate,0.4879687958587306
1982,NJ,34,senate,0.5093787674713814
1982,NM,35,senate,0.5377386922259826
1982,NY,36,senate,0.6219886390743135
1982,ND,38,senate,0.6281713752309832
1982,OH,39,senate,0.5665698610174813
1982,PA,42,senate,0.3920429132534319
1982,RI,44,senate,0.4880214016068709
1982,TN,47,senate,0.6192429660616693
1982,TX,48,senate,0.5859249598877534
1982,UT,49,senate,0.413491283001948
1982,VT,50,senate,0.4722562826633016
1982,VA,51,senate,0.4880109238200593
1982,WA,53,senate,0.6895663497204189
1982,WV,54,senate,0.6848760158071443
1982,WI,55,senate,0.6364954498172354
1982,WY,56,senate,0.4334324216016413
1984,AL,1,senate,0.6275624729258463
1984,AK,2,senate,0.2848506573402184
1984,AR,5,senate,0.5734774349396545
1984,CO,8,senate,0.3462196671467065
1984,DE,10,senate,0.6011051835466714
1984,GA,13,senate,0.7994223668684101
1984,ID,16,senate,0.25996878139095153
1984,IL,17,senate,0.5007305734819059
1984,IA,19,senate,0.5545625435135763
1984,KS,20,senate,0.2123586250625797
1984,ME,23,senate,0.25865877411562443
1984,MA,25,senate,0.5505496802769129
1984,MI,26,senate,0.5176609281214655
1984,MN,27,senate,0.4127710424689869
1984,MS,28,senate,0.39058010585566666
1984,MT,30,senate,0.5689071751658292
1984,NE,31,senate,0.5193584797113503
1984,NH,33,senate,0.4096246055222976
1984,NJ,34,senate,0.6415863813340154
1984,NM,35,senate,0.2810255573638075
1984,NC,37,senate,0.4780989803269332
1984,OK,40,senate,0.7564095607698902
1984,OR,41,senate,0.3343297097720902
1984,RI,44,senate,0.7265962639441117
1984,SC,45,senate,0.31807321293504504
1984,SD,46,senate,0.2550956089866429
1984,TN,47,senate,0.6071511787363868
1984,TX,48,senate,0.4144680513148035
1984,VA,51,senate,0.29945000889171386
1984,WV,54,senate,0.5181761034156176
1984,WY,56,senate,0.21682950058320585
1986,AL,1,senate,0.5028150082061429
1986,AK,2,senate,0.4409654813856118
1986,AZ,4,senate,0.3951288704296222
1986,AR,5,senate,0.6227607417536202
1986,CA,6,senate,0.4928959559432758
1986,CO,8,senate,0.4991199747352147
1986,CT,9,senate,0.6476339728517718
1986,FL,12,senate,0.5473892680924409
1986,GA,13,senate,0.5091452463983909
1986,HI,15,senate,0.7356727707369592
1986,ID,16,senate,0.4844355328461039
1986,IL,17,senate,0.6512517439814428
1986,IN,18,senate,0.3850972105310492
1986,IA,19,senate,0.335746533267845
1986,KS,20,senate,0.2995072647486662
1986,KY,21,senate,0.7438208717221828
1986,LA,22,senate,0.5282046752420072
1986,MD,24,senate,0.6068690866832579
1986,MO,29,senate,0.4735742323805088
1986,NV,32,senate,0.4999580043675458
1986,NH,33,senate,0.3237052321899197
1986,NY,36,senate,0.3842296937317316
1986,NC,37,senate,0.5088236750479527
1986,ND,38,senate,0.4980122001432462
1986,OH,39,senate,0.6245081601915168
1986,OK,40,senate,0.4478518820230377
1986,OR,41,senate,0.36039825237037854
1986,PA,42,senate,0.4286921597311725
1986,SC,45,senate,0.6307912873562596
1986,SD,46,senate,0.5160294763884663
1986,UT,49,senate,0.26550236606291266
1986,VT,50,senate,0.6315663606944416
1986,WA,53,senate,0.5065707468480978
1986,WI,55,senate,0.4739585510533491
1988,AZ,4,senate,0.567093931590097
1988,CA,6,senate,0.4400071718886596
1988,CT,9,senate,0.4976408105088014
1988,DE,10,senate,0.3793866764136957
1988,FL,12,senate,0.4956856936307845
1988,HI,15,senate,0.7655429855870766
1988,IN,18,senate,0.3185714496668656
1988,ME,23,senate,0.8129053696036785
1988,MD,24,senate,0.6178885820916291
1988,MA,25,senate,0.6497305489740909
1988,MI,26,senate,0.6037860972023554
1988,MN,27,senate,0.4091276165224339
1988,MS,28,senate,0.4608959997633934
1988,MO,29,senate,0.3175010522518189
1988,MT,30,senate,0.4813335377572867
1988,NE,31,senate,0.5670604617734256
1988,NV,32,senate,0.5126881167733136
1988,NJ,34,senate,0.5355090349085597
1988,NM,35,senate,0.633079563820542
1988,NY,36,senate,0.6467788338978113
1988,ND,38,senate,0.5944565480513193
1988,OH,39,senate,0.5697431944873595
1988,PA,42,senate,0.3244548731071649
1988,RI,44,senate,0.4540742229704264
1988,TN,47,senate,0.6508890804572031
1988,TX,48,senate,0.5916677530230449
1988,UT,49,senate,0.31740809299799283
1988,VT,50,senate,0.2976160727672547
1988,VA,51,senate,0.7124984955751784
1988,WA,53,senate,0.4891330572959662
1988,WV,54,senate,0.6476793681161521
1988,WI,55,senate,0.5205378679912738
1988,WY,56,senate,0.4963473398023917
1990,AL,1,senate,0.6056714992313236
1990,AK,2,senate,0.32192548840000634
1990,CO,8,senate,0.4165702080277723
1990,DE,10,senate,0.6267755346725357
1990,HI,15,senate,0.5402326791852796
1990,ID,16,senate,0.38708789121847453
1990,IL,17,senate,0.6506840192494321
1990,IN,18,senate,0.463595545845542
1990,IA,19,senate,0.5447271308107361
1990,KS,20,senate,0.263904557797605
1990,KY,21,senate,0.478134518182116
1990,ME,23,senate,0.386402598400984
1990,MA,25,senate,0.5451305154420623
1990,MI,26,senate,0.5747925986157358
1990,MN,27,senate,0.5044116711696888
1990,MT,30,senate,0.6812980684921212
1990,NE,31,senate,0.5890240945189517
1990,NH,33,senate,0.3133191257168154
1990,NJ,34,senate,0.5044277553142865
1990,NM,35,senate,0.2703925413699384
1990,NC,37,senate,0.4742849411838606
1990,OK,40,senate,0.8317531526357324
1990,OR,41,senate,0.4618973759500753
1990,RI,44,senate,0.6183150122781285
1990,SC,45,senate,0.3251722355724402
1990,SD,46,senate,0.4507251637217348
1990,TN,47,senate,0.6772331941188027
1990,TX,48,senate,0.37413062833368704
1990,WV,54,senate,0.6832317186282633
1990,WY,56,senate,0.3606374340235485
1992,AL,1,senate,0.6481801547598902
1992,AK,2,senate,0.3840618403597621
1992,AZ,4,senate,0.3157054262107549
1992,AR,5,senate,0.6017719411135556
1992,CA,6,senate,0.5428721615640844
1992,CA,6,senate,0.4790378957643557
1992,CO,8,senate,0.5177676321870477
1992,CT,9,senate,0.38493837049140345
1992,FL,12,senate,0.6540458135256102
1992,GA,13,senate,0.4935258706003472
1992,HI,15,senate,0.572691125275668
1992,ID,16,senate,0.434763345760955
1992,IL,17,senate,0.5326851106920902
1992,IN,18,senate,0.4070441425577885
1992,IA,19,senate,0.2720020363730896
1992,KS,20,senate,0.3102897872691747
1992,KY,21,senate,0.6288334292614238
1992,MD,24,senate,0.7101566395010477
1992,MO,29,senate,0.4492589119951624
1992,NV,32,senate,0.5104993677995189
1992,NH,33,senate,0.4534843777138777
1992,NY,36,senate,0.41574827954718346
1992,NC,37,senate,0.4631751303681964
1992,ND,38,senate,0.590040696545893
1992,OH,39,senate,0.5098963214699852
1992,OK,40,senate,0.3819076144351576
1992,OR,41,senate,0.4649968423722396
1992,PA,42,senate,0.4633019671373331
1992,SC,45,senate,0.5006870331182155
1992,SD,46,senate,0.6490231543072392
1992,UT,49,senate,0.3971474490394593
1992,VT,50,senate,0.5416201498570373
1992,WA,53,senate,0.5399188390852361
1992,WI,55,senate,0.5257013495041389
1994,AZ,4,senate,0.3954300931138634
1994,CA,6,senate,0.4673608650320663
1994,CT,9,senate,0.4110473258347041
1994,DE,10,senate,0.4248241206030151
1994,FL,12,senate,0.2947726413844691
1994,HI,15,senate,0.7178132932849914
1994,IN,18,senate,0.3050069708623138
1994,ME,23,senate,0.36355286839035206
1994,MD,24,senate,0.5909900000073041
1994,MA,25,senate,0.5807472206867604
1994,MI,26,senate,0.4274713846588585
1994,MN,27,senate,0.4409990473391772
1994,MS,28,senate,0.3120484800644647
1994,MO,29,senate,0.3569890643766379
1994,MT,30,senate,0.3762839374748492
1994,NE,31,senate,0.5478146770141832
1994,NV,32,senate,0.5093001865818727
1994,NJ,34,senate,0.5029410376336996
1994,NM,35,senate,0.5397045743054776
1994,NY,36,senate,0.4745038271659154
1994,ND,38,senate,0.5798298012657104
1994,OH,39,senate,0.3922777143482294
1994,OK,40,senate,0.3995073440346895
1994,PA,42,senate,0.4692034208838773
1994,RI,44,senate,0.3547662339166387
1994,TN,47,senate,0.4209455474938715
1994,TN,47,senate,0.3860731774205212
1994,TX,48,senate,0.3830929872848685
1994,UT,49,senate,0.2829517970206276
1994,VT,50,senate,0.40566536906156697
1994,VA,51,senate,0.4560840219240881
1994,WA,53,senate,0.44251496759447423
1994,WV,54,senate,0.6901167873500961
1994,WI,55,senate,0.5829366873867866
1994,WY,56,senate,0.3930742154578355
1996,AL,1,senate,0.454617968738016
1996,AK,2,senate,0.10338657099984476
1996,AR,5,senate,0.4729957940540049
1996,CO,8,senate,0.4573852717283696
1996,DE,10,senate,0.600400593633319
1996,GA,13,senate,0.4886602656487361
1996,ID,16,senate,0.3990523557366466
1996,IL,17,senate,0.5608524857659475
1996,IA,19,senate,0.5180866203615201
1996,KS,20,senate,0.43330240176723184
1996,KS,20,senate,0.3443694763850613
1996,KY,21,senate,0.42845622877848216
1996,LA,22,senate,0.5017022508061281
1996,ME,23,senate,0.4387542705145383
1996,MA,25,senate,0.5219738945562927
1996,MI,26,senate,0.5835732178096118
1996,MN,27,senate,0.5031964286123308
1996,MS,28,senate,0.27387892044950163
1996,MT,30,senate,0.4955581732067045
1996,NE,31,senate,0.42594173489847204
1996,NH,33,senate,0.4622229721899759
1996,NJ,34,senate,0.5268499784634186
1996,NM,35,senate,0.2978429599453446
1996,NC,37,senate,0.4591806000181501
1996,OK,40,senate,0.4007623716350421
1996,OR,41,senate,0.4590179601979077
1996,RI,44,senate,0.6330800200894143
1996,SC,45,senate,0.4400080604117527
1996,SD,46,senate,0.5132193277388617
1996,TN,47,senate,0.3682185055749709
1996,TX,48,senate,0.4394033332965472
1996,VA,51,senate,0.4739350622049802
1996,WV,54,senate,0.7664796327823054
1996,WY,56,senate,0.4221350502423286
1998,AL,1,senate,0.3669136890610443
1998,AK,2,senate,0.1972119906044444
1998,AZ,4,senate,0.2716169272066951
1998,AR,5,senate,0.5506006440925131
1998,CA,6,senate,0.5305710303474354
1998,CO,8,senate,0.3501670766669053
1998,CT,9,senate,0.6514608738388544
1998,FL,12,senate,0.6246937947705762
1998,GA,13,senate,0.4514967048717953
1998,HI,15,senate,0.7918437471742472
1998,ID,16,senate,0.2839301485559557
1998,IL,17,senate,0.4744398399656388
1998,IN,18,senate,0.6371856778569032
1998,IA,19,senate,0.30493392284264176
1998,KS,20,senate,0.3158782018491934
1998,KY,21,senate,0.4915698603299768
1998,LA,22,senate,0.6402439213137082
1998,MD,24,senate,0.705039712838992
1998,MO,29,senate,0.43771121921645395
1998,NV,32,senate,0.4786378319842887
1998,NH,33,senate,0.2824408317868673
1998,NY,36,senate,0.4782310265363254
1998,NC,37,senate,0.511512849732847
1998,ND,38,senate,0.6315535391220389
1998,OH,39,senate,0.43534112669345787
1998,OK,40,senate,0.3127764730788065
1998,OR,41,senate,0.6105361946844858
1998,PA,42,senate,0.3478746738375905
1998,SC,45,senate,0.5269820394120833
1998,SD,46,senate,0.6214313783091896
1998,UT,49,senate,0.329701015742288
1998,VT,50,senate,0.7221542170475995
1998,WA,53,senate,0.584139988064987
1998,WI,55,senate,0.5054752401700101
2000,CA,6,senate,0.5584281724250367
2000,CT,9,senate,0.632141122171711
2000,DE,10,senate,0.5552595927129939
2000,FL,12,senate,0.5104361118856235
2000,HI,15,senate,0.7268468822966064
2000,IN,18,senate,0.3185111567217926
2000,ME,23,senate,0.3105870159654229
2000,MD,24,senate,0.6317809150761878
2000,MA,25,senate,0.6910975959456455
2000,MI,26,senate,0.4947475636954328
2000,MN,27,senate,0.4883419025261209
2000,MS,28,senate,0.3159401454920012
2000,MO,29,senate,0.5046659321320502
2000,MT,30,senate,0.4723749456391019
2000,NE,31,senate,0.5099920560410197
2000,NV,32,senate,0.39658708070894977
2000,NJ,34,senate,0.5011294369196548
2000,NM,35,senate,0.6170109545634967
2000,NY,36,senate,0.5118660934970692
2000,OH,39,senate,0.35853840169519835
2000,PA,42,senate,0.4550908573306335
2000,RI,44,senate,0.41145206501547205
2000,TN,47,senate,0.3220718723766769
2000,TX,48,senate,0.3230752442100816
2000,UT,49,senate,0.3151458222901271
2000,VT,50,senate,0.2542530329289428
2000,VA,51,senate,0.4768026057452799
2000,WA,53,senate,0.4873028493377087
2000,WV,54,senate,0.7775192757967578
2000,WI,55,senate,0.615427921056123
2000,WY,56,senate,0.22038388272902149
2002,AL,1,senate,0.3982770433318577
2002,AK,2,senate,0.10513269555822748
2002,AR,5,senate,0.5389562018651421
2002,CO,8,senate,0.4576924217665361
2002,DE,10,senate,0.5821990926074193
2002,GA,13,senate,0.4589585371952408
2002,ID,16,senate,0.3254851374637738
2002,IL,17,senate,0.6033426722277493
2002,IA,19,senate,0.5417765070986975
2002,KY,21,senate,0.3532479517162801
2002,ME,23,senate,0.4156435247445529
2002,MI,26,senate,0.6060850283147566
2002,MN,27,senate,0.4733556014954057
2002,MO,29,senate,0.4866682289281111
2002,MT,30,senate,0.6273500399648432
2002,NE,31,senate,0.14637132796215044
2002,NH,33,senate,0.4640164603531372
2002,NJ,34,senate,0.5387630620788373
2002,NM,35,senate,0.3495723063164519
2002,NC,37,senate,0.44955024942293204
2002,OK,40,senate,0.3630992592476218
2002,OR,41,senate,0.39606193394838
2002,RI,44,senate,0.7842648849441564
2002,SC,45,senate,0.4418838493007602
2002,SD,46,senate,0.4962385296636158
2002,TN,47,senate,0.44338639286131787
2002,TX,48,senate,0.4332638016912671
2002,WV,54,senate,0.6311135463784696
2002,WY,56,senate,0.27046049759930163
2004,AL,1,senate,0.3235435813614084
2004,AK,2,senate,0.4554562703728329
2004,AZ,4,senate,0.20620469119024185
2004,AR,5,senate,0.5589777832085276
2004,CA,6,senate,0.5770810388362684
2004,CO,8,senate,0.5130260330860861
2004,CT,9,senate,0.6635289873280897
2004,FL,12,senate,0.4832102584505243
2004,GA,13,senate,0.39978192979095506
2004,HI,15,senate,0.7551011563824946
2004,IL,17,senate,0.6996872520188583
2004,IN,18,senate,0.6164877917399195
2004,IA,19,senate,0.2787704126747195
2004,KS,20,senate,0.274872411697912
2004,KY,21,senate,0.4934317736067021
2004,MD,24,senate,0.6480343300468446
2004,MO,29,senate,0.4279707892619057
2004,NV,32,senate,0.6108190917305708
2004,NH,33,senate,0.33716895505306765
2004,NY,36,senate,0.5887505575458477
2004,NC,37,senate,0.4701867640222783
2004,ND,38,senate,0.6827992635888457
2004,OH,39,senate,0.3614513411145185
2004,OK,40,senate,0.4124488715454167
2004,OR,41,senate,0.6339209794726348
2004,PA,42,senate,0.4198744222316361
2004,SC,45,senate,0.4410059722480483
2004,SD,46,senate,0.4942380645623076
2004,UT,49,senate,0.284027218703865
2004,VT,50,senate,0.7062706700346345
2004,WA,53,senate,0.5498048534564939
2004,WI,55,senate,0.5535048307598323
2006,AZ,4,senate,0.4349939939035173
2006,CA,6,senate,0.5943105149508118
2006,DE,10,senate,0.7020026998995769
2006,FL,12,senate,0.6030098044574211
2006,HI,15,senate,0.6134895957904808
2006,ME,23,senate,0.2075310752703952
2006,MD,24,senate,0.5420559540833141
2006,MA,25,senate,0.6688272533408205
2006,MI,26,senate,0.5690997851403465
2006,MN,27,senate,0.5805634900025968
2006,MS,28,senate,0.3486539176096418
2006,MO,29,senate,0.4957835692395297
2006,MT,30,senate,0.4916175692795906
2006,NE,31,senate,0.6388279229330289
2006,NV,32,senate,0.4098995488969604
2006,NJ,34,senate,0.5720435801633765
2006,NM,35,senate,0.7060513830453854
2006,NY,36,senate,0.5741634316406815
2006,ND,38,senate,0.6882632293080054
2006,OH,39,senate,0.5616413169069943
2006,PA,42,senate,0.5863657893337559
2006,RI,44,senate,0.5351863540376058
2006,TN,47,senate,0.4798922394400377
2006,TX,48,senate,0.3604457636668264
2006,UT,49,senate,0.3106492406153501
2006,VA,51,senate,0.4959431667893581
2006,WA,53,senate,0.568526980891035
2006,WV,54,senate,0.7704902160126258
2006,WI,55,senate,0.6730655283152902
2006,WY,56,senate,0.2939173865402747
2008,AL,1,senate,0.36520448832171387
2008,AK,2,senate,0.4776708012954681
2008,CO,8,senate,0.5279563016459364
2008,DE,10,senate,0.6468651258119126
2008,GA,13,senate,0.4256041752028573
2008,ID,16,senate,0.3410512112658581
2008,IL,17,senate,0.6784095113514665
2008,IA,19,senate,0.6265578028874497
2008,KS,20,senate,0.36458465833532944
2008,KY,21,senate,0.4703438042981507
2008,LA,22,senate,0.5210964613033818
2008,ME,23,senate,0.3858343801333462
2008,MA,25,senate,0.6355066637232738
2008,MI,26,senate,0.6266496446411556
2008,MN,27,senate,0.4199368620668877
2008,MS,28,senate,0.3856495373793329
2008,MT,30,senate,0.7291597754041594
2008,NE,31,senate,0.4005698343619205
2008,NH,33,senate,0.5158962387033724
2008,NJ,34,senate,0.560301167714063
2008,NM,35,senate,0.6132799125842288
2008,NC,37,senate,0.5265278080136331
2008,OK,40,senate,0.39183884397235264
2008,OR,41,senate,0.48904670088441105
2008,RI,44,senate,0.7307092786888234
2008,SC,45,senate,0.42246868839941204
2008,SD,46,senate,0.6249169234487342
2008,TN,47,senate,0.31644013305369784
2008,TX,48,senate,0.4283787754792516
2008,VA,51,senate,0.6503255021417431
2008,WV,54,senate,0.6372702574938631
2008,WY,56,senate,0.2425172095181335
2008,WY,56,senate,0.265212183367452
2010,AL,1,senate,0.3471015463490719
2010,AK,2,senate,0.2350070253578236
2010,AZ,4,senate,0.34651246368125194
2010,AR,5,senate,0.36945113640880195
2010,CA,6,senate,0.5218357506279899
2010,CO,8,senate,0.4805037110263242
2010,CT,9,senate,0.5248427086630562
2010,DE,10,senate,0.5660730899603776
2010,FL,12,senate,0.2019801497143098
2010,GA,13,senate,0.3899864514659576
2010,HI,15,senate,0.7480861237563515
2010,ID,16,senate,0.2492759103953017
2010,IL,17,senate,0.4641626487762227
2010,IN,18,senate,0.3999900256867229
2010,IA,19,senate,0.3330331710665079
2010,KS,20,senate,0.2637854963399436
2010,KY,21,senate,0.4424848978243428
2010,LA,22,senate,0.3767385457954741
2010,MD,24,senate,0.6219298331713797
2010,MO,29,senate,0.406263905686458
2010,NV,32,senate,0.5028874250766561
2010,NH,33,senate,0.3684656154472081
2010,NY,36,senate,0.5964484454986564
2010,NY,36,senate,0.6397868636593681
2010,NC,37,senate,0.4304661628470433
2010,OH,39,senate,0.3940388949379544
2010,OK,40,senate,0.2613318966407151
2010,OR,41,senate,0.5722403070038015
2010,PA,42,senate,0.4899150530927598
2010,SC,45,senate,0.2764631928868345
2010,UT,49,senate,0.3276182013909061
2010,VT,50,senate,0.6432616996487767
2010,WA,53,senate,0.523648258488133
2010,WV,54,senate,0.5346901960192321
2010,WI,55,senate,0.4701991543435801
2012,AZ,4,senate,0.4620361216035146
2012,CA,6,senate,0.6252428447214461
2012,CT,9,senate,0.5245415289688073
2012,DE,10,senate,0.6641917288529201
2012,FL,12,senate,0.5523175610681682
2012,HI,15,senate,0.6164553400479001
2012,IN,18,senate,0.5004413886634205
2012,ME,23,senate,0.12818743790705375
2012,MD,24,senate,0.5597785840529175
2012,MA,25,senate,0.5327391906779608
2012,MI,26,senate,0.5879807037218365
2012,MN,27,senate,0.6522898262419866
2012,MS,28,senate,0.4055090015206578
2012,MO,29,senate,0.5481432375826044
2012,MT,30,senate,0.4857838235959726
2012,NE,31,senate,0.4222556722784984
2012,NV,32,senate,0.4470612995525178
2012,NJ,34,senate,0.5886546099402099
2012,NM,35,senate,0.5100806529576833
2012,NY,36,senate,0.6210867000495178
2012,ND,38,senate,0.5023821089604663
2012,OH,39,senate,0.5070069506101833
2012,PA,42,senate,0.5369002004825656
2012,RI,44,senate,0.6481136519611945
2012,TN,47,senate,0.30406590287131857
2012,TX,48,senate,0.40623004563866794
2012,UT,49,senate,0.29980405223552264
2012,VA,51,senate,0.5286594904628799
2012,WA,53,senate,0.6045099118171301
2012,WV,54,senate,0.6057206733696656
2012,WI,55,senate,0.5140886372781917
2012,WY,56,senate,0.21148384523334665
2014,AK,2,senate,0.4583250708215297
2014,AR,5,senate,0.3943032784467349
2014,CO,8,senate,0.4626046883528053
2014,DE,10,senate,0.5582640425913741
2014,GA,13,senate,0.4520635328617243
2014,HI,15,senate,0.6676359131519084
2014,ID,16,senate,0.3467163803554681
2014,IL,17,senate,0.5354868393922718
2014,IA,19,senate,0.4376117553332744
2014,KY,21,senate,0.4072087406363259
2014,LA,22,senate,0.4431248674848851
2014,ME,23,senate,0.3083553215904155
2014,MA,25,senate,0.5898804137024651
2014,MI,26,senate,0.5461438395064853
2014,MN,27,senate,0.5315115405888788
2014,MS,28,senate,0.3789443197680492
2014,MT,30,senate,0.4006857278828422
2014,NE,31,senate,0.31485350808847073
2014,NH,33,senate,0.5145536597706895
2014,NJ,34,senate,0.5583559548229907
2014,NM,35,senate,0.5555881017873701
2014,NC,37,senate,0.4725619931663534
2014,OK,40,senate,0.2898354225292061
2014,OK,40,senate,0.2854850481216181
2014,OR,41,senate,0.557284461466676
2014,RI,44,senate,0.7058264804448119
2014,SC,45,senate,0.3683051428341028
2014,SC,45,senate,0.3709359780852345
2014,SD,46,senate,0.2951054357006857
2014,TN,47,senate,0.31865159217358713
2014,TX,48,senate,0.343645433505767
2014,VA,51,senate,0.4914993227199421
2014,WV,54,senate,0.3446413732755257
2014,WY,56,senate,0.1716417474423469
2016,AL,1,senate,0.3586726158881388
2016,AK,2,senate,0.11623389341801495
2016,AZ,4,senate,0.4074891434487282
2016,AR,5,senate,0.3617101962760108
2016,CO,8,senate,0.4997078041270525
2016,CT,9,senate,0.5768213015794261
2016,FL,12,senate,0.44314854512342733
2016,GA,13,senate,0.4103329267776551
2016,HI,15,senate,0.7005465379834759
2016,ID,16,senate,0.2772677529630617
2016,IL,17,senate,0.5486174310499978
2016,IN,18,senate,0.4241271693138926
2016,IA,19,senate,0.356552345305366
2016,KS,20,senate,0.3223812782170636
2016,KY,21,senate,0.4272450504737413
2016,MD,24,senate,0.6088787566439363
2016,MO,29,senate,0.4639195672938489
2016,NV,32,senate,0.4709887448637275
2016,NH,33,senate,0.4798130259490759
2016,NY,36,senate,0.613304532591522
2016,NC,37,senate,0.4536569310654803
2016,ND,38,senate,0.1696812564050908
2016,OH,39,senate,0.37157556040344136
2016,OK,40,senate,0.24578691161267555
2016,OR,41,senate,0.5660084262153018
2016,PA,42,senate,0.4734104711017579
2016,SC,45,senate,0.3436959880344974
2016,SD,46,senate,0.28172138420585624
2016,UT,49,senate,0.270583183859919
2016,VT,50,senate,0.5998839194051182
2016,WA,53,senate,0.5901301044578745
2016,WI,55,senate,0.468109949297005
2018,AZ,4,senate,0.499557943017429
2018,CT,9,senate,0.5679710709238268
2018,DE,10,senate,0.5995306018886242
2018,FL,12,senate,0.4993247256869807
2018,HI,15,senate,0.7115109784705074
2018,IN,18,senate,0.448422279321728
2018,ME,23,senate,0.10445627347657424
2018,MD,24,senate,0.6485591261143473
2018,MA,25,senate,0.6033678230129031
2018,MI,26,senate,0.5226189214709184
2018,MN,27,senate,0.3021032032691419
2018,MN,27,senate,0.2643668738010526
2018,MS,28,senate,0.2004373569193672
2018,MS,28,senate,0.22823425279164855
2018,MO,29,senate,0.4556934089290825
2018,MT,30,senate,0.5033387260499936
2018,NE,31,senate,0.38621199828869773
2018,NV,32,senate,0.5041198108898791
2018,NJ,34,senate,0.5400714982125446
2018,NM,35,senate,0.5408773450098421
2018,NY,36,senate,0.6202139302554139
2018,ND,38,senate,0.44268377190023855
2018,OH,39,senate,0.5341141418368777
2018,PA,42,senate,0.5561318396530043
2018,RI,44,senate,0.6144243479553431
2018,TN,47,senate,0.439199729023862
2018,TX,48,senate,0.4832535502239402
2018,UT,49,senate,0.3091146874661875
2018,VA,51,senate,0.5700260758799454
2018,WA,53,senate,0.5843375992492955
2018,WV,54,senate,0.4954581402649804
2018,WI,55,senate,0.5541768676154819
2018,WY,56,senate,0.3009881034313244
