,state_po,year,leading_index
0,AL,1982,-0.9458333333333333
1,AL,1983,3.955833333333333
2,AL,1984,2.710833333333333
3,AL,1985,1.696666666666667
4,AL,1986,0.84
5,AL,1987,2.44
6,AL,1988,1.4216666666666669
7,AL,1989,1.1075
8,AL,1990,0.1641666666666667
9,AL,1991,0.8133333333333334
10,AL,1992,1.3950000000000002
11,AL,1993,1.6916666666666667
12,AL,1994,2.1391666666666667
13,AL,1995,1.4991666666666668
14,AL,1996,0.9466666666666667
15,AL,1997,1.6816666666666666
16,AL,1998,0.89
17,AL,1999,0.9041666666666668
18,AL,2000,0.9141666666666666
19,AL,2001,-0.15333333333333335
20,AL,2002,1.5416666666666667
21,AL,2003,1.2249999999999999
22,AL,2004,2.414166666666667
23,AL,2005,1.7175
24,AL,2006,1.1033333333333333
25,AL,2007,0.22750000000000012
26,AL,2008,-2.0675
27,AL,2009,-0.7449999999999998
28,AL,2010,2.0916666666666663
29,AL,2011,2.7616666666666667
30,AL,2012,1.3225
31,AL,2013,1.115
32,AL,2014,2.1316666666666664
33,AL,2015,1.174166666666667
34,AL,2016,1.2608333333333335
35,AL,2017,2.3416666666666663
36,AL,2018,1.7608333333333333
37,AL,2019,1.6008333333333338
38,AL,2020,1.085
39,AK,1982,0.5424999999999999
40,AK,1983,1.2566666666666666
41,AK,1984,0.9441666666666665
42,AK,1985,0.2583333333333333
43,AK,1986,-0.2541666666666667
44,AK,1987,0.9608333333333333
45,AK,1988,1.4316666666666666
46,AK,1989,0.9558333333333334
47,AK,1990,0.6441666666666666
48,AK,1991,-0.19999999999999998
49,AK,1992,0.8675
50,AK,1993,0.9699999999999998
51,AK,1994,1.0141666666666664
52,AK,1995,0.46083333333333326
53,AK,1996,0.5958333333333333
54,AK,1997,1.0475
55,AK,1998,0.7025000000000001
56,AK,1999,0.7033333333333335
57,AK,2000,0.6475000000000001
58,AK,2001,0.32749999999999996
59,AK,2002,0.49000000000000005
60,AK,2003,0.5
61,AK,2004,1.1824999999999999
62,AK,2005,0.8241666666666667
63,AK,2006,0.8308333333333334
64,AK,2007,0.4958333333333334
65,AK,2008,0.2916666666666667
66,AK,2009,0.18916666666666668
67,AK,2010,0.9225
68,AK,2011,0.7733333333333334
69,AK,2012,0.6983333333333334
70,AK,2013,0.5158333333333335
71,AK,2014,0.8433333333333333
72,AK,2015,0.43250000000000005
73,AK,2016,0.33416666666666667
74,AK,2017,0.6816666666666666
75,AK,2018,1.0841666666666667
76,AK,2019,0.5941666666666667
77,AK,2020,1.38
78,AZ,1982,-1.0816666666666668
79,AZ,1983,7.445
80,AZ,1984,2.3316666666666666
81,AZ,1985,1.4024999999999999
82,AZ,1986,1.2308333333333332
83,AZ,1987,2.6141666666666667
84,AZ,1988,1.9816666666666667
85,AZ,1989,2.4875000000000003
86,AZ,1990,1.5758333333333334
87,AZ,1991,0.4633333333333333
88,AZ,1992,2.6899999999999995
89,AZ,1993,3.39
90,AZ,1994,2.5116666666666667
91,AZ,1995,2.2575
92,AZ,1996,1.6908333333333336
93,AZ,1997,2.919166666666667
94,AZ,1998,1.5783333333333334
95,AZ,1999,2.074166666666667
96,AZ,2000,1.8125000000000002
97,AZ,2001,-0.02166666666666667
98,AZ,2002,2.125
99,AZ,2003,3.0325
100,AZ,2004,2.8441666666666667
101,AZ,2005,2.2133333333333334
102,AZ,2006,1.5683333333333331
103,AZ,2007,0.8258333333333333
104,AZ,2008,-2.12
105,AZ,2009,-0.10749999999999989
106,AZ,2010,2.8425
107,AZ,2011,3.2641666666666667
108,AZ,2012,3.2675
109,AZ,2013,2.4658333333333333
110,AZ,2014,2.9291666666666667
111,AZ,2015,3.016666666666667
112,AZ,2016,2.3266666666666667
113,AZ,2017,2.4058333333333337
114,AZ,2018,1.9533333333333331
115,AZ,2019,2.0041666666666664
116,AZ,2020,1.935
117,AR,1982,0.445
118,AR,1983,2.0075
119,AR,1984,1.7133333333333336
120,AR,1985,1.3783333333333332
121,AR,1986,1.3533333333333335
122,AR,1987,1.6041666666666667
123,AR,1988,1.4966666666666668
124,AR,1989,1.4158333333333333
125,AR,1990,1.1741666666666668
126,AR,1991,1.2191666666666665
127,AR,1992,1.6841666666666668
128,AR,1993,1.7966666666666666
129,AR,1994,1.8383333333333332
130,AR,1995,1.2825
131,AR,1996,1.0975000000000001
132,AR,1997,1.2358333333333336
133,AR,1998,1.1341666666666665
134,AR,1999,1.4000000000000001
135,AR,2000,1.0008333333333335
136,AR,2001,0.5741666666666667
137,AR,2002,1.0166666666666666
138,AR,2003,1.0783333333333334
139,AR,2004,1.3225
140,AR,2005,1.2816666666666667
141,AR,2006,0.9383333333333331
142,AR,2007,0.8258333333333333
143,AR,2008,0.5566666666666668
144,AR,2009,0.19666666666666668
145,AR,2010,1.1341666666666668
146,AR,2011,1.1475000000000002
147,AR,2012,1.2558333333333334
148,AR,2013,1.1866666666666668
149,AR,2014,1.5491666666666664
150,AR,2015,1.5616666666666665
151,AR,2016,1.3708333333333336
152,AR,2017,1.225
153,AR,2018,1.0833333333333333
154,AR,2019,0.9625
155,AR,2020,0.835
156,CA,1982,-0.09666666666666661
157,CA,1983,3.8208333333333333
158,CA,1984,2.523333333333333
159,CA,1985,2.2933333333333334
160,CA,1986,2.1275000000000004
161,CA,1987,2.2558333333333334
162,CA,1988,2.1508333333333334
163,CA,1989,1.4708333333333334
164,CA,1990,-0.10666666666666669
165,CA,1991,0.5008333333333332
166,CA,1992,0.7383333333333333
167,CA,1993,2.131666666666667
168,CA,1994,2.64
169,CA,1995,1.6766666666666667
170,CA,1996,2.2133333333333334
171,CA,1997,2.300833333333333
172,CA,1998,1.8483333333333334
173,CA,1999,2.024166666666667
174,CA,2000,1.7508333333333332
175,CA,2001,0.105
176,CA,2002,1.5716666666666665
177,CA,2003,1.9408333333333332
178,CA,2004,2.3041666666666667
179,CA,2005,2.1358333333333333
180,CA,2006,1.2175
181,CA,2007,0.3399999999999999
182,CA,2008,-1.2408333333333332
183,CA,2009,-0.45666666666666683
184,CA,2010,1.5874999999999997
185,CA,2011,2.4708333333333328
186,CA,2012,3.0025
187,CA,2013,2.700833333333333
188,CA,2014,2.7900000000000005
189,CA,2015,2.703333333333333
190,CA,2016,1.9833333333333332
191,CA,2017,2.273333333333333
192,CA,2018,1.4858333333333336
193,CA,2019,1.6916666666666667
194,CA,2020,1.77
195,CO,1982,0.2816666666666667
196,CO,1983,2.9858333333333333
197,CO,1984,2.2358333333333333
198,CO,1985,0.9408333333333333
199,CO,1986,0.43083333333333335
200,CO,1987,2.0475
201,CO,1988,1.9458333333333335
202,CO,1989,1.9458333333333329
203,CO,1990,1.795
204,CO,1991,1.3558333333333332
205,CO,1992,2.109166666666667
206,CO,1993,2.7624999999999997
207,CO,1994,2.7358333333333333
208,CO,1995,1.7266666666666668
209,CO,1996,2.015
210,CO,1997,2.2741666666666664
211,CO,1998,1.9158333333333333
212,CO,1999,2.0974999999999997
213,CO,2000,1.9366666666666668
214,CO,2001,-0.3858333333333333
215,CO,2002,1.0133333333333334
216,CO,2003,1.155
217,CO,2004,1.8708333333333333
218,CO,2005,1.8066666666666669
219,CO,2006,1.8016666666666667
220,CO,2007,1.4141666666666666
221,CO,2008,0.13833333333333342
222,CO,2009,-0.5558333333333333
223,CO,2010,1.1941666666666666
224,CO,2011,2.0016666666666665
225,CO,2012,2.1133333333333333
226,CO,2013,2.419166666666667
227,CO,2014,2.815
228,CO,2015,2.0891666666666664
229,CO,2016,1.9258333333333333
230,CO,2017,1.8316666666666663
231,CO,2018,1.4358333333333333
232,CO,2019,1.7166666666666668
233,CO,2020,1.4849999999999999
234,CT,1982,0.6691666666666668
235,CT,1983,3.2150000000000003
236,CT,1984,1.4225
237,CT,1985,2.015833333333333
238,CT,1986,1.5233333333333334
239,CT,1987,1.7808333333333335
240,CT,1988,0.9758333333333332
241,CT,1989,-0.6625
242,CT,1990,0.005000000000000014
243,CT,1991,-0.6391666666666668
244,CT,1992,1.0799999999999998
245,CT,1993,2.898333333333333
246,CT,1994,1.3058333333333334
247,CT,1995,1.12
248,CT,1996,0.6866666666666669
249,CT,1997,2.5066666666666664
250,CT,1998,1.89
251,CT,1999,1.08
252,CT,2000,1.2916666666666667
253,CT,2001,0.07249999999999997
254,CT,2002,-0.4283333333333334
255,CT,2003,1.0466666666666666
256,CT,2004,1.538333333333333
257,CT,2005,1.1199999999999999
258,CT,2006,1.0591666666666668
259,CT,2007,0.27416666666666667
260,CT,2008,-0.6616666666666666
261,CT,2009,-0.8633333333333332
262,CT,2010,0.7333333333333333
263,CT,2011,1.9291666666666665
264,CT,2012,1.2241666666666668
265,CT,2013,1.9174999999999998
266,CT,2014,2.07
267,CT,2015,1.6875
268,CT,2016,1.6725
269,CT,2017,1.1458333333333333
270,CT,2018,1.42
271,CT,2019,0.8175
272,CT,2020,1.485
273,DE,1982,1.5841666666666665
274,DE,1983,2.0925
275,DE,1984,1.935833333333333
276,DE,1985,2.1366666666666667
277,DE,1986,2.135
278,DE,1987,1.3775000000000002
279,DE,1988,1.4216666666666669
280,DE,1989,0.7308333333333333
281,DE,1990,-0.6766666666666666
282,DE,1991,2.0124999999999997
283,DE,1992,1.7591666666666665
284,DE,1993,1.1516666666666664
285,DE,1994,2.1958333333333333
286,DE,1995,0.5891666666666667
287,DE,1996,1.2283333333333335
288,DE,1997,2.021666666666667
289,DE,1998,1.3425
290,DE,1999,1.0216666666666665
291,DE,2000,0.8108333333333332
292,DE,2001,1.115
293,DE,2002,1.2208333333333334
294,DE,2003,1.5383333333333333
295,DE,2004,1.3391666666666666
296,DE,2005,1.1933333333333334
297,DE,2006,1.2674999999999998
298,DE,2007,0.7591666666666668
299,DE,2008,-0.6508333333333334
300,DE,2009,0.4383333333333334
301,DE,2010,1.7574999999999996
302,DE,2011,1.7783333333333333
303,DE,2012,1.2841666666666667
304,DE,2013,1.8633333333333333
305,DE,2014,1.9383333333333332
306,DE,2015,1.5458333333333334
307,DE,2016,1.2808333333333335
308,DE,2017,1.4483333333333335
309,DE,2018,1.5141666666666669
310,DE,2019,0.7625000000000002
311,DE,2020,1.645
312,FL,1982,0.7691666666666667
313,FL,1983,3.1325
314,FL,1984,2.1458333333333335
315,FL,1985,2.045833333333333
316,FL,1986,1.6725
317,FL,1987,2.0283333333333338
318,FL,1988,1.6583333333333332
319,FL,1989,1.2108333333333332
320,FL,1990,0.7399999999999998
321,FL,1991,0.9066666666666667
322,FL,1992,2.126666666666667
323,FL,1993,2.2875
324,FL,1994,2.2083333333333335
325,FL,1995,1.6183333333333334
326,FL,1996,1.8675
327,FL,1997,1.8475
328,FL,1998,1.8391666666666664
329,FL,1999,1.8099999999999998
330,FL,2000,1.4816666666666665
331,FL,2001,0.5341666666666667
332,FL,2002,2.058333333333333
333,FL,2003,2.085
334,FL,2004,1.9749999999999999
335,FL,2005,2.2558333333333334
336,FL,2006,1.0741666666666667
337,FL,2007,0.2866666666666666
338,FL,2008,-0.5141666666666667
339,FL,2009,0.16
340,FL,2010,1.8108333333333333
341,FL,2011,2.6824999999999997
342,FL,2012,2.3641666666666663
343,FL,2013,2.4083333333333337
344,FL,2014,2.176666666666667
345,FL,2015,2.28
346,FL,2016,1.9033333333333333
347,FL,2017,1.8983333333333334
348,FL,2018,1.9933333333333332
349,FL,2019,1.8049999999999997
350,FL,2020,1.755
351,GA,1982,1.6224999999999998
352,GA,1983,2.410833333333333
353,GA,1984,2.3258333333333336
354,GA,1985,2.0874999999999995
355,GA,1986,1.8499999999999999
356,GA,1987,1.9283333333333335
357,GA,1988,1.761666666666667
358,GA,1989,1.5966666666666665
359,GA,1990,1.465
360,GA,1991,1.5116666666666665
361,GA,1992,1.7258333333333333
362,GA,1993,2.226666666666667
363,GA,1994,2.146666666666667
364,GA,1995,1.8450000000000004
365,GA,1996,1.7541666666666664
366,GA,1997,1.8558333333333332
367,GA,1998,1.8291666666666668
368,GA,1999,1.7891666666666668
369,GA,2000,1.5758333333333334
370,GA,2001,1.0750000000000002
371,GA,2002,1.425
372,GA,2003,1.57
373,GA,2004,1.6508333333333336
374,GA,2005,1.7541666666666667
375,GA,2006,1.5783333333333334
376,GA,2007,1.18
377,GA,2008,0.4649999999999999
378,GA,2009,0.6175
379,GA,2010,1.5116666666666667
380,GA,2011,1.7483333333333333
381,GA,2012,1.8925
382,GA,2013,1.9375
383,GA,2014,2.0283333333333338
384,GA,2015,1.9625000000000001
385,GA,2016,1.8049999999999997
386,GA,2017,1.7650000000000003
387,GA,2018,1.6491666666666662
388,GA,2019,1.653333333333333
389,GA,2020,1.495
390,HI,1982,0.9733333333333332
391,HI,1983,1.4283333333333335
392,HI,1984,0.8066666666666666
393,HI,1985,1.4124999999999999
394,HI,1986,1.9608333333333332
395,HI,1987,1.4516666666666664
396,HI,1988,1.0616666666666665
397,HI,1989,1.4091666666666665
398,HI,1990,1.0583333333333333
399,HI,1991,0.4475
400,HI,1992,-0.0725
401,HI,1993,0.8250000000000001
402,HI,1994,0.8325
403,HI,1995,0.15083333333333326
404,HI,1996,0.8425000000000001
405,HI,1997,1.1858333333333333
406,HI,1998,0.9033333333333333
407,HI,1999,1.8933333333333335
408,HI,2000,1.4675
409,HI,2001,-0.11416666666666662
410,HI,2002,2.2383333333333337
411,HI,2003,0.7991666666666667
412,HI,2004,1.3358333333333332
413,HI,2005,1.370833333333333
414,HI,2006,1.1308333333333334
415,HI,2007,0.25
416,HI,2008,-1.4325
417,HI,2009,0.44166666666666665
418,HI,2010,1.11
419,HI,2011,0.8533333333333332
420,HI,2012,2.273333333333334
421,HI,2013,1.1591666666666667
422,HI,2014,1.4899999999999995
423,HI,2015,1.5916666666666668
424,HI,2016,1.1833333333333333
425,HI,2017,1.2358333333333331
426,HI,2018,0.4375
427,HI,2019,0.9983333333333334
428,HI,2020,0.5
429,ID,1982,0.7591666666666667
430,ID,1983,2.625
431,ID,1984,1.885833333333333
432,ID,1985,1.2891666666666666
433,ID,1986,1.1433333333333333
434,ID,1987,2.1216666666666666
435,ID,1988,2.4308333333333336
436,ID,1989,2.1574999999999998
437,ID,1990,1.8083333333333333
438,ID,1991,1.6833333333333336
439,ID,1992,2.0908333333333333
440,ID,1993,2.401666666666667
441,ID,1994,2.0916666666666663
442,ID,1995,1.7391666666666665
443,ID,1996,1.8333333333333337
444,ID,1997,1.9225
445,ID,1998,1.8316666666666668
446,ID,1999,1.9925
447,ID,2000,1.7775
448,ID,2001,0.9233333333333332
449,ID,2002,1.7433333333333332
450,ID,2003,1.555
451,ID,2004,2.1733333333333333
452,ID,2005,2.2825
453,ID,2006,1.935833333333333
454,ID,2007,1.4333333333333333
455,ID,2008,-0.2008333333333333
456,ID,2009,0.23750000000000007
457,ID,2010,1.4691666666666665
458,ID,2011,1.9974999999999998
459,ID,2012,2.0716666666666668
460,ID,2013,2.085833333333333
461,ID,2014,2.1341666666666668
462,ID,2015,1.8658333333333335
463,ID,2016,2.0125
464,ID,2017,2.0108333333333337
465,ID,2018,1.9208333333333332
466,ID,2019,1.695833333333333
467,ID,2020,2.125
468,IL,1982,-1.0758333333333332
469,IL,1983,3.766666666666667
470,IL,1984,1.655833333333333
471,IL,1985,0.6975000000000001
472,IL,1986,2.1416666666666666
473,IL,1987,1.5866666666666667
474,IL,1988,1.82
475,IL,1989,0.42916666666666653
476,IL,1990,0.3799999999999999
477,IL,1991,-0.29666666666666663
478,IL,1992,1.7108333333333332
479,IL,1993,1.4666666666666668
480,IL,1994,2.25
481,IL,1995,0.7125
482,IL,1996,1.0883333333333334
483,IL,1997,1.1983333333333333
484,IL,1998,1.3366666666666667
485,IL,1999,1.0808333333333333
486,IL,2000,0.5866666666666667
487,IL,2001,-0.24
488,IL,2002,1.0199999999999998
489,IL,2003,1.0941666666666667
490,IL,2004,1.6175
491,IL,2005,1.5041666666666664
492,IL,2006,1.0316666666666667
493,IL,2007,0.09916666666666667
494,IL,2008,-1.2391666666666667
495,IL,2009,-0.8941666666666664
496,IL,2010,2.084166666666666
497,IL,2011,1.2375
498,IL,2012,1.0924999999999996
499,IL,2013,1.4408333333333336
500,IL,2014,2.1841666666666666
501,IL,2015,0.9199999999999998
502,IL,2016,1.2858333333333334
503,IL,2017,1.5441666666666667
504,IL,2018,1.2925000000000002
505,IL,2019,1.165
506,IL,2020,2.46
507,IN,1982,0.2508333333333333
508,IN,1983,2.69
509,IN,1984,1.9633333333333332
510,IN,1985,2.12
511,IN,1986,1.5675
512,IN,1987,2.1275
513,IN,1988,1.7283333333333328
514,IN,1989,0.9599999999999999
515,IN,1990,0.7341666666666667
516,IN,1991,0.9866666666666667
517,IN,1992,1.4725000000000001
518,IN,1993,1.9925
519,IN,1994,1.685833333333333
520,IN,1995,0.9833333333333334
521,IN,1996,1.3816666666666666
522,IN,1997,1.1416666666666666
523,IN,1998,1.2474999999999998
524,IN,1999,1.0283333333333335
525,IN,2000,0.5808333333333334
526,IN,2001,-0.2158333333333334
527,IN,2002,1.2666666666666668
528,IN,2003,1.0066666666666666
529,IN,2004,1.0866666666666667
530,IN,2005,1.0683333333333334
531,IN,2006,0.7925000000000001
532,IN,2007,0.6908333333333334
533,IN,2008,-0.7458333333333332
534,IN,2009,-0.22166666666666654
535,IN,2010,1.6608333333333334
536,IN,2011,1.553333333333333
537,IN,2012,1.3266666666666669
538,IN,2013,1.8258333333333334
539,IN,2014,1.6008333333333333
540,IN,2015,1.5183333333333333
541,IN,2016,1.305
542,IN,2017,1.2875000000000003
543,IN,2018,0.8508333333333334
544,IN,2019,0.9075000000000001
545,IN,2020,1.56
546,IA,1982,-0.1058333333333333
547,IA,1983,2.73
548,IA,1984,0.8308333333333335
549,IA,1985,1.155
550,IA,1986,2.1199999999999997
551,IA,1987,2.235
552,IA,1988,1.7883333333333329
553,IA,1989,1.2033333333333334
554,IA,1990,0.7525000000000001
555,IA,1991,1.1683333333333332
556,IA,1992,1.7191666666666663
557,IA,1993,1.7591666666666663
558,IA,1994,1.6091666666666669
559,IA,1995,0.9633333333333334
560,IA,1996,1.1366666666666667
561,IA,1997,1.586666666666667
562,IA,1998,1.155
563,IA,1999,1.225833333333333
564,IA,2000,0.44916666666666677
565,IA,2001,0.07666666666666667
566,IA,2002,0.8399999999999999
567,IA,2003,0.9516666666666667
568,IA,2004,0.9666666666666667
569,IA,2005,1.43
570,IA,2006,1.1150000000000002
571,IA,2007,0.8324999999999999
572,IA,2008,-0.3933333333333333
573,IA,2009,0.07166666666666661
574,IA,2010,1.5716666666666665
575,IA,2011,1.5250000000000001
576,IA,2012,1.5708333333333335
577,IA,2013,1.47
578,IA,2014,1.5050000000000001
579,IA,2015,1.3541666666666667
580,IA,2016,1.2458333333333333
581,IA,2017,1.424166666666667
582,IA,2018,0.8858333333333333
583,IA,2019,0.5766666666666667
584,IA,2020,0.7350000000000001
585,KS,1982,-1.5141666666666664
586,KS,1983,3.0749999999999997
587,KS,1984,1.5525
588,KS,1985,0.42249999999999993
589,KS,1986,1.1516666666666666
590,KS,1987,1.9591666666666667
591,KS,1988,1.2983333333333336
592,KS,1989,1.0908333333333335
593,KS,1990,0.37749999999999995
594,KS,1991,1.3525
595,KS,1992,0.6141666666666667
596,KS,1993,0.8866666666666666
597,KS,1994,1.5783333333333334
598,KS,1995,1.6666666666666667
599,KS,1996,0.9958333333333335
600,KS,1997,1.8533333333333335
601,KS,1998,1.2516666666666667
602,KS,1999,1.1183333333333334
603,KS,2000,0.3
604,KS,2001,0.04083333333333336
605,KS,2002,0.5791666666666666
606,KS,2003,0.5766666666666667
607,KS,2004,1.6658333333333333
608,KS,2005,1.6058333333333332
609,KS,2006,1.383333333333333
610,KS,2007,0.9258333333333333
611,KS,2008,-0.3999999999999999
612,KS,2009,-0.8825000000000002
613,KS,2010,1.3200000000000003
614,KS,2011,1.8291666666666668
615,KS,2012,1.558333333333333
616,KS,2013,1.6691666666666667
617,KS,2014,1.6924999999999997
618,KS,2015,1.2474999999999998
619,KS,2016,0.9608333333333333
620,KS,2017,1.6508333333333332
621,KS,2018,1.508333333333333
622,KS,2019,1.1658333333333333
623,KS,2020,1.385
624,KY,1982,-0.805
625,KY,1983,3.5966666666666662
626,KY,1984,2.0391666666666666
627,KY,1985,-0.045833333333333365
628,KY,1986,1.2516666666666667
629,KY,1987,2.7016666666666667
630,KY,1988,2.2175
631,KY,1989,1.5374999999999999
632,KY,1990,-0.36500000000000005
633,KY,1991,0.9866666666666667
634,KY,1992,1.3258333333333332
635,KY,1993,2.169166666666667
636,KY,1994,1.9658333333333333
637,KY,1995,0.6749999999999999
638,KY,1996,0.05583333333333338
639,KY,1997,2.76
640,KY,1998,0.5908333333333333
641,KY,1999,1.4441666666666666
642,KY,2000,0.6325
643,KY,2001,-0.7233333333333333
644,KY,2002,1.2883333333333333
645,KY,2003,1.5650000000000002
646,KY,2004,1.8283333333333334
647,KY,2005,0.5991666666666667
648,KY,2006,1.4949999999999999
649,KY,2007,0.8508333333333332
650,KY,2008,-2.0675000000000003
651,KY,2009,0.11083333333333338
652,KY,2010,1.8766666666666663
653,KY,2011,2.6458333333333335
654,KY,2012,1.1191666666666666
655,KY,2013,1.3816666666666666
656,KY,2014,3.1650000000000005
657,KY,2015,0.9033333333333333
658,KY,2016,1.1266666666666667
659,KY,2017,2.0349999999999997
660,KY,2018,1.3383333333333336
661,KY,2019,0.7666666666666666
662,KY,2020,2.12
663,LA,1982,-0.5091666666666668
664,LA,1983,0.8116666666666665
665,LA,1984,0.6975000000000001
666,LA,1985,-0.5333333333333333
667,LA,1986,-0.3266666666666666
668,LA,1987,0.6641666666666666
669,LA,1988,0.7800000000000001
670,LA,1989,0.46166666666666667
671,LA,1990,0.2508333333333333
672,LA,1991,0.00333333333333333
673,LA,1992,0.003333333333333334
674,LA,1993,0.17666666666666667
675,LA,1994,1.175
676,LA,1995,0.7991666666666667
677,LA,1996,0.3841666666666666
678,LA,1997,0.7933333333333334
679,LA,1998,0.6700000000000003
680,LA,1999,0.68
681,LA,2000,0.8116666666666665
682,LA,2001,0.21083333333333334
683,LA,2002,0.22166666666666665
684,LA,2003,0.3425000000000001
685,LA,2004,1.24
686,LA,2005,0.7291666666666666
687,LA,2006,0.8850000000000001
688,LA,2007,0.64
689,LA,2008,0.23416666666666672
690,LA,2009,-0.08416666666666668
691,LA,2010,0.49833333333333335
692,LA,2011,0.42166666666666663
693,LA,2012,0.2575
694,LA,2013,0.27999999999999997
695,LA,2014,0.4816666666666667
696,LA,2015,0.23166666666666666
697,LA,2016,0.3425
698,LA,2017,0.8975
699,LA,2018,1.6141666666666667
700,LA,2019,0.8416666666666667
701,LA,2020,1.045
702,ME,1982,0.5399999999999999
703,ME,1983,2.31
704,ME,1984,2.0741666666666667
705,ME,1985,1.4025
706,ME,1986,1.4541666666666664
707,ME,1987,1.9691666666666665
708,ME,1988,1.3016666666666667
709,ME,1989,-0.26916666666666667
710,ME,1990,-1.4283333333333335
711,ME,1991,0.7608333333333334
712,ME,1992,1.6533333333333333
713,ME,1993,1.01
714,ME,1994,1.8283333333333334
715,ME,1995,1.1575
716,ME,1996,1.3216666666666665
717,ME,1997,1.1666666666666665
718,ME,1998,1.3666666666666665
719,ME,1999,1.1591666666666667
720,ME,2000,0.9899999999999999
721,ME,2001,0.24083333333333334
722,ME,2002,0.785
723,ME,2003,1.1358333333333333
724,ME,2004,1.3041666666666665
725,ME,2005,1.1391666666666667
726,ME,2006,0.66
727,ME,2007,0.435
728,ME,2008,-0.9858333333333333
729,ME,2009,0.4616666666666667
730,ME,2010,1.2233333333333332
731,ME,2011,1.2216666666666667
732,ME,2012,1.2333333333333332
733,ME,2013,1.6483333333333334
734,ME,2014,1.7841666666666667
735,ME,2015,1.7341666666666666
736,ME,2016,1.2841666666666667
737,ME,2017,1.3949999999999998
738,ME,2018,0.9316666666666666
739,ME,2019,0.8791666666666665
740,ME,2020,-0.5750000000000001
741,MD,1982,1.735
742,MD,1983,4.163333333333334
743,MD,1984,2.4525000000000006
744,MD,1985,2.5866666666666664
745,MD,1986,1.1283333333333334
746,MD,1987,1.8141666666666667
747,MD,1988,1.9991666666666668
748,MD,1989,1.4591666666666667
749,MD,1990,-0.8216666666666667
750,MD,1991,0.1041666666666667
751,MD,1992,1.7508333333333335
752,MD,1993,2.2600000000000002
753,MD,1994,2.2800000000000002
754,MD,1995,1.0416666666666665
755,MD,1996,1.5041666666666667
756,MD,1997,1.5066666666666668
757,MD,1998,2.4941666666666666
758,MD,1999,1.9358333333333337
759,MD,2000,1.05
760,MD,2001,0.17333333333333334
761,MD,2002,1.7516666666666667
762,MD,2003,1.4966666666666664
763,MD,2004,1.365
764,MD,2005,1.8575
765,MD,2006,1.1241666666666665
766,MD,2007,1.4024999999999999
767,MD,2008,-1.465833333333333
768,MD,2009,-0.6908333333333331
769,MD,2010,1.5574999999999999
770,MD,2011,1.965833333333333
771,MD,2012,1.5866666666666667
772,MD,2013,2.1483333333333334
773,MD,2014,2.1475
774,MD,2015,2.4291666666666667
775,MD,2016,1.5966666666666667
776,MD,2017,1.5416666666666667
777,MD,2018,1.5558333333333334
778,MD,2019,1.5791666666666668
779,MD,2020,2.26
780,MA,1982,0.9724999999999998
781,MA,1983,4.198333333333333
782,MA,1984,3.856666666666667
783,MA,1985,2.084166666666667
784,MA,1986,1.714166666666667
785,MA,1987,2.414166666666667
786,MA,1988,0.6183333333333332
787,MA,1989,-1.1725
788,MA,1990,-2.4149999999999996
789,MA,1991,0.13333333333333344
790,MA,1992,2.8200000000000003
791,MA,1993,3.6233333333333326
792,MA,1994,2.5591666666666666
793,MA,1995,1.8891666666666669
794,MA,1996,2.336666666666667
795,MA,1997,2.0625
796,MA,1998,1.5041666666666667
797,MA,1999,1.4466666666666665
798,MA,2000,1.3658333333333337
799,MA,2001,-1.2175
800,MA,2002,0.28333333333333327
801,MA,2003,1.5133333333333334
802,MA,2004,2.469166666666667
803,MA,2005,1.23
804,MA,2006,0.8308333333333335
805,MA,2007,1.2483333333333333
806,MA,2008,-1.585
807,MA,2009,-0.9841666666666665
808,MA,2010,2.8175000000000003
809,MA,2011,2.606666666666667
810,MA,2012,1.6616666666666668
811,MA,2013,2.185833333333333
812,MA,2014,2.7575000000000003
813,MA,2015,2.6633333333333336
814,MA,2016,2.151666666666667
815,MA,2017,1.446666666666667
816,MA,2018,1.5766666666666664
817,MA,2019,1.3133333333333332
818,MA,2020,1.475
819,MI,1982,-0.6725
820,MI,1983,4.482500000000001
821,MI,1984,2.0225
822,MI,1985,2.9783333333333335
823,MI,1986,1.5583333333333336
824,MI,1987,1.1633333333333333
825,MI,1988,1.883333333333333
826,MI,1989,-0.08083333333333333
827,MI,1990,-0.16166666666666676
828,MI,1991,0.5241666666666667
829,MI,1992,2.5425
830,MI,1993,1.8808333333333331
831,MI,1994,2.668333333333333
832,MI,1995,0.875
833,MI,1996,0.9550000000000001
834,MI,1997,0.9558333333333332
835,MI,1998,0.6533333333333332
836,MI,1999,0.8308333333333332
837,MI,2000,-0.15416666666666667
838,MI,2001,-1.0466666666666666
839,MI,2002,1.1824999999999999
840,MI,2003,1.0766666666666667
841,MI,2004,0.8316666666666667
842,MI,2005,0.6816666666666666
843,MI,2006,-0.44583333333333336
844,MI,2007,-0.5308333333333333
845,MI,2008,-1.6825
846,MI,2009,-1.2425000000000006
847,MI,2010,2.92
848,MI,2011,2.433333333333333
849,MI,2012,1.3475
850,MI,2013,1.6324999999999996
851,MI,2014,2.540833333333333
852,MI,2015,1.72
853,MI,2016,0.8983333333333334
854,MI,2017,1.0708333333333333
855,MI,2018,0.6633333333333331
856,MI,2019,0.28250000000000003
857,MI,2020,1.8250000000000002
858,MN,1982,-0.6391666666666668
859,MN,1983,3.109166666666667
860,MN,1984,2.5349999999999997
861,MN,1985,1.418333333333333
862,MN,1986,2.0783333333333336
863,MN,1987,2.1750000000000003
864,MN,1988,1.8233333333333335
865,MN,1989,0.7425
866,MN,1990,0.6833333333333335
867,MN,1991,1.315
868,MN,1992,1.8124999999999998
869,MN,1993,2.0425
870,MN,1994,2.3108333333333335
871,MN,1995,1.3833333333333335
872,MN,1996,1.3066666666666669
873,MN,1997,1.9474999999999998
874,MN,1998,1.3583333333333334
875,MN,1999,1.0866666666666667
876,MN,2000,0.7141666666666665
877,MN,2001,0.30833333333333335
878,MN,2002,1.589166666666667
879,MN,2003,1.2708333333333333
880,MN,2004,2.251666666666667
881,MN,2005,1.4800000000000002
882,MN,2006,0.7825000000000001
883,MN,2007,0.5075
884,MN,2008,-0.27249999999999996
885,MN,2009,0.7199999999999999
886,MN,2010,2.0858333333333334
887,MN,2011,2.4866666666666664
888,MN,2012,1.8125
889,MN,2013,2.0083333333333333
890,MN,2014,2.2224999999999997
891,MN,2015,1.5258333333333336
892,MN,2016,1.2191666666666665
893,MN,2017,2.0050000000000003
894,MN,2018,1.38
895,MN,2019,0.8049999999999998
896,MN,2020,1.78
897,MS,1982,0.32083333333333336
898,MS,1983,1.4400000000000002
899,MS,1984,1.1716666666666669
900,MS,1985,0.9741666666666666
901,MS,1986,0.7191666666666667
902,MS,1987,1.3975
903,MS,1988,1.1983333333333333
904,MS,1989,0.9041666666666668
905,MS,1990,0.7808333333333333
906,MS,1991,0.895
907,MS,1992,1.1700000000000002
908,MS,1993,1.4808333333333332
909,MS,1994,1.4525
910,MS,1995,0.8925
911,MS,1996,0.9341666666666666
912,MS,1997,1.034166666666667
913,MS,1998,1.0733333333333333
914,MS,1999,0.8066666666666666
915,MS,2000,0.7608333333333334
916,MS,2001,0.4633333333333333
917,MS,2002,0.9033333333333334
918,MS,2003,1.055
919,MS,2004,0.9600000000000001
920,MS,2005,0.9525
921,MS,2006,0.9408333333333333
922,MS,2007,0.7358333333333333
923,MS,2008,0.45416666666666666
924,MS,2009,0.245
925,MS,2010,0.9200000000000003
926,MS,2011,0.8724999999999999
927,MS,2012,1.090833333333333
928,MS,2013,0.9175000000000001
929,MS,2014,1.0925
930,MS,2015,1.0641666666666667
931,MS,2016,0.9366666666666666
932,MS,2017,0.9591666666666668
933,MS,2018,0.9024999999999999
934,MS,2019,0.7333333333333334
935,MS,2020,1.29
936,MO,1982,0.04666666666666667
937,MO,1983,2.3233333333333333
938,MO,1984,1.7974999999999997
939,MO,1985,1.2758333333333334
940,MO,1986,0.9474999999999999
941,MO,1987,1.4025
942,MO,1988,0.9941666666666666
943,MO,1989,0.7475
944,MO,1990,0.05416666666666659
945,MO,1991,1.1258333333333332
946,MO,1992,1.0475
947,MO,1993,1.3924999999999998
948,MO,1994,1.485
949,MO,1995,1.0533333333333335
950,MO,1996,0.7766666666666667
951,MO,1997,1.0874999999999997
952,MO,1998,1.2900000000000003
953,MO,1999,0.9874999999999999
954,MO,2000,0.23333333333333342
955,MO,2001,0.345
956,MO,2002,1.0091666666666668
957,MO,2003,0.9083333333333333
958,MO,2004,1.045
959,MO,2005,1.3133333333333332
960,MO,2006,0.7208333333333333
961,MO,2007,0.43583333333333324
962,MO,2008,-0.5641666666666666
963,MO,2009,0.0375
964,MO,2010,1.1424999999999998
965,MO,2011,1.6858333333333333
966,MO,2012,1.3058333333333332
967,MO,2013,1.0183333333333333
968,MO,2014,1.445
969,MO,2015,1.4541666666666666
970,MO,2016,1.0141666666666664
971,MO,2017,1.2658333333333331
972,MO,2018,1.0866666666666667
973,MO,2019,0.8025000000000001
974,MO,2020,0.975
975,MT,1982,-0.6649999999999998
976,MT,1983,1.715
977,MT,1984,1.945833333333333
978,MT,1985,0.23833333333333329
979,MT,1986,0.7008333333333333
980,MT,1987,1.4124999999999999
981,MT,1988,2.783333333333333
982,MT,1989,1.4016666666666664
983,MT,1990,-0.5941666666666667
984,MT,1991,0.7558333333333334
985,MT,1992,1.719166666666667
986,MT,1993,2.5025
987,MT,1994,1.5200000000000002
988,MT,1995,0.5800000000000001
989,MT,1996,1.5533333333333335
990,MT,1997,0.4466666666666666
991,MT,1998,0.6124999999999999
992,MT,1999,1.3358333333333334
993,MT,2000,1.1308333333333331
994,MT,2001,0.8475
995,MT,2002,1.2516666666666667
996,MT,2003,0.44500000000000006
997,MT,2004,1.7041666666666668
998,MT,2005,1.8349999999999997
999,MT,2006,1.7999999999999998
1000,MT,2007,-0.6933333333333334
1001,MT,2008,-1.748333333333333
1002,MT,2009,-0.4366666666666666
1003,MT,2010,0.8608333333333333
1004,MT,2011,2.1533333333333333
1005,MT,2012,1.9399999999999997
1006,MT,2013,1.53
1007,MT,2014,1.9749999999999999
1008,MT,2015,1.2074999999999998
1009,MT,2016,1.1066666666666667
1010,MT,2017,1.0466666666666666
1011,MT,2018,1.2558333333333331
1012,MT,2019,0.62
1013,MT,2020,0.825
1014,NE,1982,0.41500000000000004
1015,NE,1983,1.8391666666666666
1016,NE,1984,1.7249999999999999
1017,NE,1985,0.6425000000000001
1018,NE,1986,1.5075
1019,NE,1987,1.7883333333333333
1020,NE,1988,1.7933333333333337
1021,NE,1989,1.5024999999999997
1022,NE,1990,1.4558333333333333
1023,NE,1991,0.9125
1024,NE,1992,1.2333333333333334
1025,NE,1993,1.5075
1026,NE,1994,1.5999999999999999
1027,NE,1995,1.1783333333333335
1028,NE,1996,1.3225
1029,NE,1997,1.5633333333333335
1030,NE,1998,1.1949999999999998
1031,NE,1999,1.3141666666666667
1032,NE,2000,1.1516666666666668
1033,NE,2001,0.8000000000000002
1034,NE,2002,0.9608333333333334
1035,NE,2003,1.1191666666666664
1036,NE,2004,1.3241666666666667
1037,NE,2005,1.4141666666666668
1038,NE,2006,1.4966666666666668
1039,NE,2007,1.3349999999999997
1040,NE,2008,0.6316666666666668
1041,NE,2009,0.4633333333333334
1042,NE,2010,1.3216666666666665
1043,NE,2011,1.3475
1044,NE,2012,1.3774999999999997
1045,NE,2013,1.4475
1046,NE,2014,1.49
1047,NE,2015,1.3358333333333334
1048,NE,2016,1.1833333333333336
1049,NE,2017,1.3591666666666666
1050,NE,2018,1.24
1051,NE,2019,1.2850000000000001
1052,NE,2020,2.11
1053,NV,1982,-0.8783333333333334
1054,NV,1983,4.1691666666666665
1055,NV,1984,2.151666666666667
1056,NV,1985,3.3674999999999997
1057,NV,1986,3.335833333333333
1058,NV,1987,2.555
1059,NV,1988,3.598333333333334
1060,NV,1989,2.5741666666666667
1061,NV,1990,1.7783333333333333
1062,NV,1991,1.0916666666666666
1063,NV,1992,1.8875000000000002
1064,NV,1993,3.108333333333334
1065,NV,1994,3.5216666666666665
1066,NV,1995,2.7883333333333336
1067,NV,1996,3.0049999999999994
1068,NV,1997,2.39
1069,NV,1998,2.385
1070,NV,1999,2.055833333333333
1071,NV,2000,1.1808333333333334
1072,NV,2001,0.36833333333333323
1073,NV,2002,2.5816666666666666
1074,NV,2003,2.8049999999999997
1075,NV,2004,2.9124999999999996
1076,NV,2005,2.3924999999999996
1077,NV,2006,1.2141666666666666
1078,NV,2007,0.25416666666666665
1079,NV,2008,-2.5241666666666664
1080,NV,2009,-2.5133333333333336
1081,NV,2010,0.5575
1082,NV,2011,2.7899999999999996
1083,NV,2012,3.3649999999999998
1084,NV,2013,3.2241666666666666
1085,NV,2014,3.3708333333333336
1086,NV,2015,2.8499999999999996
1087,NV,2016,2.7183333333333337
1088,NV,2017,2.1758333333333333
1089,NV,2018,1.814166666666667
1090,NV,2019,1.4358333333333333
1091,NV,2020,1.22
1092,NH,1982,1.2941666666666667
1093,NH,1983,4.009999999999999
1094,NH,1984,2.165833333333333
1095,NH,1985,3.1916666666666664
1096,NH,1986,2.686666666666667
1097,NH,1987,1.8941666666666668
1098,NH,1988,1.241666666666667
1099,NH,1989,-0.33749999999999997
1100,NH,1990,-0.3083333333333333
1101,NH,1991,1.3083333333333333
1102,NH,1992,2.5016666666666665
1103,NH,1993,3.02
1104,NH,1994,2.845833333333333
1105,NH,1995,1.8150000000000002
1106,NH,1996,1.9100000000000001
1107,NH,1997,2.1991666666666667
1108,NH,1998,1.7183333333333335
1109,NH,1999,1.7758333333333336
1110,NH,2000,1.545
1111,NH,2001,-0.035
1112,NH,2002,1.8216666666666663
1113,NH,2003,2.12
1114,NH,2004,2.0591666666666666
1115,NH,2005,1.6150000000000002
1116,NH,2006,0.9899999999999999
1117,NH,2007,1.2058333333333333
1118,NH,2008,0.3266666666666666
1119,NH,2009,0.6016666666666666
1120,NH,2010,2.3983333333333334
1121,NH,2011,1.7941666666666665
1122,NH,2012,1.9449999999999996
1123,NH,2013,2.2891666666666666
1124,NH,2014,2.4725
1125,NH,2015,2.4891666666666667
1126,NH,2016,2.0266666666666664
1127,NH,2017,1.5858333333333334
1128,NH,2018,1.3616666666666666
1129,NH,2019,1.235
1130,NH,2020,2.13
1131,NJ,1982,0.6683333333333333
1132,NJ,1983,2.5
1133,NJ,1984,1.8816666666666666
1134,NJ,1985,1.5075000000000003
1135,NJ,1986,1.8158333333333332
1136,NJ,1987,1.3299999999999998
1137,NJ,1988,1.2483333333333333
1138,NJ,1989,0.5850000000000001
1139,NJ,1990,-0.23833333333333337
1140,NJ,1991,0.30750000000000005
1141,NJ,1992,0.6024999999999999
1142,NJ,1993,1.8566666666666667
1143,NJ,1994,1.6191666666666666
1144,NJ,1995,0.9241666666666668
1145,NJ,1996,1.3783333333333336
1146,NJ,1997,1.6049999999999998
1147,NJ,1998,1.465833333333333
1148,NJ,1999,1.3958333333333333
1149,NJ,2000,1.2208333333333334
1150,NJ,2001,0.19499999999999998
1151,NJ,2002,0.8183333333333334
1152,NJ,2003,1.2433333333333334
1153,NJ,2004,1.4916666666666665
1154,NJ,2005,0.9058333333333333
1155,NJ,2006,1.1008333333333333
1156,NJ,2007,0.6833333333333332
1157,NJ,2008,-0.38166666666666665
1158,NJ,2009,-0.33
1159,NJ,2010,1.034166666666667
1160,NJ,2011,1.1283333333333334
1161,NJ,2012,1.2416666666666667
1162,NJ,2013,1.8666666666666665
1163,NJ,2014,1.4158333333333333
1164,NJ,2015,1.6700000000000002
1165,NJ,2016,1.2333333333333334
1166,NJ,2017,1.2049999999999998
1167,NJ,2018,1.2775
1168,NJ,2019,1.1483333333333334
1169,NJ,2020,1.22
1170,NM,1982,-1.28
1171,NM,1983,3.0533333333333332
1172,NM,1984,1.6808333333333334
1173,NM,1985,1.1466666666666667
1174,NM,1986,0.3808333333333333
1175,NM,1987,2.44
1176,NM,1988,2.311666666666667
1177,NM,1989,1.6766666666666667
1178,NM,1990,1.1075
1179,NM,1991,0.735
1180,NM,1992,1.6516666666666664
1181,NM,1993,1.6583333333333332
1182,NM,1994,1.875
1183,NM,1995,0.7991666666666668
1184,NM,1996,1.3675
1185,NM,1997,2.2091666666666665
1186,NM,1998,1.3766666666666667
1187,NM,1999,2.1058333333333334
1188,NM,2000,1.530833333333333
1189,NM,2001,0.755
1190,NM,2002,0.9649999999999999
1191,NM,2003,1.1341666666666665
1192,NM,2004,1.861666666666667
1193,NM,2005,2.194166666666667
1194,NM,2006,1.9491666666666667
1195,NM,2007,1.103333333333333
1196,NM,2008,-0.7041666666666667
1197,NM,2009,-0.7041666666666666
1198,NM,2010,1.2466666666666668
1199,NM,2011,1.2341666666666666
1200,NM,2012,1.8183333333333336
1201,NM,2013,1.425
1202,NM,2014,1.8516666666666666
1203,NM,2015,0.9866666666666664
1204,NM,2016,1.4333333333333333
1205,NM,2017,2.28
1206,NM,2018,1.9041666666666668
1207,NM,2019,1.4699999999999998
1208,NM,2020,1.405
1209,NY,1982,-0.015833333333333355
1210,NY,1983,2.4533333333333336
1211,NY,1984,1.5775
1212,NY,1985,1.3158333333333332
1213,NY,1986,1.5908333333333333
1214,NY,1987,1.715
1215,NY,1988,0.9391666666666665
1216,NY,1989,0.11583333333333334
1217,NY,1990,0.13749999999999998
1218,NY,1991,-0.23916666666666667
1219,NY,1992,0.7766666666666667
1220,NY,1993,1.528333333333333
1221,NY,1994,1.9308333333333334
1222,NY,1995,0.7025000000000001
1223,NY,1996,0.9508333333333333
1224,NY,1997,1.2441666666666666
1225,NY,1998,1.3775000000000002
1226,NY,1999,1.5083333333333335
1227,NY,2000,1.2475000000000003
1228,NY,2001,-0.765
1229,NY,2002,1.0633333333333335
1230,NY,2003,0.9041666666666667
1231,NY,2004,1.8316666666666668
1232,NY,2005,1.1425000000000003
1233,NY,2006,1.3025
1234,NY,2007,0.43583333333333335
1235,NY,2008,-0.64
1236,NY,2009,-0.37999999999999967
1237,NY,2010,1.4000000000000001
1238,NY,2011,0.8491666666666666
1239,NY,2012,1.1183333333333334
1240,NY,2013,1.793333333333333
1241,NY,2014,1.7833333333333332
1242,NY,2015,1.5858333333333332
1243,NY,2016,1.0758333333333334
1244,NY,2017,1.1783333333333332
1245,NY,2018,1.3616666666666664
1246,NY,2019,0.9008333333333334
1247,NY,2020,1.7000000000000002
1248,NC,1982,0.9816666666666666
1249,NC,1983,2.785833333333333
1250,NC,1984,2.015
1251,NC,1985,2.328333333333333
1252,NC,1986,1.8516666666666666
1253,NC,1987,2.1241666666666665
1254,NC,1988,1.8791666666666667
1255,NC,1989,1.5566666666666666
1256,NC,1990,0.9691666666666667
1257,NC,1991,1.2183333333333333
1258,NC,1992,1.9441666666666668
1259,NC,1993,2.1775000000000007
1260,NC,1994,1.8758333333333335
1261,NC,1995,1.4533333333333331
1262,NC,1996,1.805
1263,NC,1997,1.835
1264,NC,1998,1.7149999999999996
1265,NC,1999,1.5499999999999998
1266,NC,2000,1.1116666666666666
1267,NC,2001,0.5475000000000002
1268,NC,2002,1.3050000000000002
1269,NC,2003,1.3058333333333334
1270,NC,2004,1.6791666666666671
1271,NC,2005,1.6050000000000002
1272,NC,2006,1.7149999999999999
1273,NC,2007,1.3441666666666665
1274,NC,2008,0.1566666666666667
1275,NC,2009,0.09416666666666666
1276,NC,2010,1.471666666666667
1277,NC,2011,1.550833333333333
1278,NC,2012,1.838333333333333
1279,NC,2013,1.950833333333333
1280,NC,2014,1.9058333333333337
1281,NC,2015,1.7541666666666664
1282,NC,2016,1.6849999999999998
1283,NC,2017,1.6050000000000002
1284,NC,2018,1.4033333333333333
1285,NC,2019,1.4191666666666665
1286,NC,2020,1.71
1287,ND,1982,-0.1325
1288,ND,1983,2.4333333333333336
1289,ND,1984,0.9083333333333333
1290,ND,1985,1.0624999999999998
1291,ND,1986,1.5866666666666667
1292,ND,1987,1.9000000000000004
1293,ND,1988,1.8116666666666668
1294,ND,1989,1.6483333333333334
1295,ND,1990,1.3875
1296,ND,1991,0.7416666666666666
1297,ND,1992,1.3825
1298,ND,1993,1.965
1299,ND,1994,2.2616666666666667
1300,ND,1995,1.6708333333333332
1301,ND,1996,1.6116666666666664
1302,ND,1997,1.76
1303,ND,1998,0.4825
1304,ND,1999,1.5691666666666666
1305,ND,2000,1.5125000000000004
1306,ND,2001,0.65
1307,ND,2002,0.9425
1308,ND,2003,1.5766666666666664
1309,ND,2004,1.7008333333333336
1310,ND,2005,1.5808333333333335
1311,ND,2006,1.5216666666666665
1312,ND,2007,1.3691666666666669
1313,ND,2008,0.7083333333333335
1314,ND,2009,1.0408333333333333
1315,ND,2010,2.0391666666666666
1316,ND,2011,1.9841666666666669
1317,ND,2012,1.7999999999999996
1318,ND,2013,1.676666666666667
1319,ND,2014,1.72
1320,ND,2015,0.6708333333333334
1321,ND,2016,1.2166666666666666
1322,ND,2017,1.5275
1323,ND,2018,1.7316666666666665
1324,ND,2019,1.2033333333333334
1325,ND,2020,2.585
1326,OH,1982,-0.5750000000000001
1327,OH,1983,3.206666666666667
1328,OH,1984,1.6641666666666666
1329,OH,1985,1.3858333333333335
1330,OH,1986,1.3225
1331,OH,1987,1.84
1332,OH,1988,1.5908333333333333
1333,OH,1989,0.5075
1334,OH,1990,0.3899999999999999
1335,OH,1991,0.6900000000000001
1336,OH,1992,1.1275000000000002
1337,OH,1993,1.5316666666666665
1338,OH,1994,2.1616666666666666
1339,OH,1995,0.5966666666666668
1340,OH,1996,0.8741666666666665
1341,OH,1997,1.2141666666666664
1342,OH,1998,0.9666666666666667
1343,OH,1999,0.9349999999999999
1344,OH,2000,0.7883333333333334
1345,OH,2001,-0.19000000000000003
1346,OH,2002,0.9183333333333333
1347,OH,2003,1.0541666666666667
1348,OH,2004,1.1483333333333334
1349,OH,2005,1.3175000000000001
1350,OH,2006,0.5591666666666667
1351,OH,2007,0.3499999999999999
1352,OH,2008,-0.7233333333333333
1353,OH,2009,-0.3674999999999999
1354,OH,2010,1.8425
1355,OH,2011,1.7766666666666666
1356,OH,2012,1.1199999999999999
1357,OH,2013,1.3766666666666663
1358,OH,2014,1.7391666666666667
1359,OH,2015,1.0733333333333335
1360,OH,2016,0.8908333333333333
1361,OH,2017,1.345
1362,OH,2018,1.0341666666666665
1363,OH,2019,0.7866666666666667
1364,OH,2020,1.105
1365,OK,1982,-0.8999999999999999
1366,OK,1983,1.6466666666666665
1367,OK,1984,1.1849999999999998
1368,OK,1985,0.38833333333333336
1369,OK,1986,0.43416666666666665
1370,OK,1987,1.755
1371,OK,1988,1.5024999999999997
1372,OK,1989,1.2
1373,OK,1990,0.6841666666666666
1374,OK,1991,0.9625
1375,OK,1992,1.085
1376,OK,1993,1.0041666666666667
1377,OK,1994,1.7533333333333336
1378,OK,1995,1.3075
1379,OK,1996,1.1425
1380,OK,1997,1.4524999999999997
1381,OK,1998,1.1341666666666665
1382,OK,1999,1.505
1383,OK,2000,1.2441666666666666
1384,OK,2001,0.2725
1385,OK,2002,0.7008333333333333
1386,OK,2003,0.9341666666666666
1387,OK,2004,1.6866666666666665
1388,OK,2005,1.5383333333333333
1389,OK,2006,1.2325
1390,OK,2007,1.3858333333333333
1391,OK,2008,0.4716666666666665
1392,OK,2009,-0.1666666666666666
1393,OK,2010,1.4608333333333334
1394,OK,2011,1.3608333333333331
1395,OK,2012,1.2033333333333334
1396,OK,2013,1.1208333333333333
1397,OK,2014,1.4741666666666668
1398,OK,2015,0.6825
1399,OK,2016,0.8883333333333335
1400,OK,2017,1.6258333333333332
1401,OK,2018,1.7908333333333333
1402,OK,2019,1.0316666666666665
1403,OK,2020,1.47
1404,OR,1982,0.8583333333333334
1405,OR,1983,2.655
1406,OR,1984,1.9633333333333336
1407,OR,1985,2.1591666666666667
1408,OR,1986,2.3491666666666666
1409,OR,1987,2.1999999999999997
1410,OR,1988,2.2666666666666666
1411,OR,1989,1.8458333333333334
1412,OR,1990,1.2625000000000002
1413,OR,1991,1.02
1414,OR,1992,1.9591666666666665
1415,OR,1993,2.439166666666667
1416,OR,1994,2.438333333333333
1417,OR,1995,1.6624999999999999
1418,OR,1996,1.6083333333333332
1419,OR,1997,1.8958333333333333
1420,OR,1998,1.2466666666666668
1421,OR,1999,1.8624999999999998
1422,OR,2000,1.385
1423,OR,2001,-0.009166666666666656
1424,OR,2002,1.7016666666666669
1425,OR,2003,1.57
1426,OR,2004,2.2800000000000002
1427,OR,2005,2.086666666666667
1428,OR,2006,1.64
1429,OR,2007,1.2225
1430,OR,2008,-0.5924999999999999
1431,OR,2009,0.7383333333333336
1432,OR,2010,1.9858333333333331
1433,OR,2011,1.9683333333333337
1434,OR,2012,1.8533333333333335
1435,OR,2013,2.2150000000000003
1436,OR,2014,2.3033333333333337
1437,OR,2015,2.1908333333333334
1438,OR,2016,2.0108333333333337
1439,OR,2017,1.7008333333333334
1440,OR,2018,1.4908333333333337
1441,OR,2019,1.6008333333333338
1442,OR,2020,1.6099999999999999
1443,PA,1982,-1.6358333333333333
1444,PA,1983,2.99
1445,PA,1984,2.0650000000000004
1446,PA,1985,1.821666666666667
1447,PA,1986,1.9925
1448,PA,1987,1.9166666666666667
1449,PA,1988,1.7091666666666663
1450,PA,1989,0.5841666666666667
1451,PA,1990,-0.13166666666666668
1452,PA,1991,-0.00833333333333334
1453,PA,1992,1.1641666666666668
1454,PA,1993,1.7599999999999998
1455,PA,1994,1.6691666666666665
1456,PA,1995,0.6716666666666665
1457,PA,1996,1.535
1458,PA,1997,1.3808333333333334
1459,PA,1998,1.0041666666666667
1460,PA,1999,1.2599999999999998
1461,PA,2000,0.8733333333333334
1462,PA,2001,-0.3941666666666666
1463,PA,2002,0.7866666666666665
1464,PA,2003,1.1133333333333335
1465,PA,2004,1.2541666666666667
1466,PA,2005,1.295
1467,PA,2006,0.9699999999999999
1468,PA,2007,0.4458333333333333
1469,PA,2008,-0.5750000000000001
1470,PA,2009,-0.8233333333333333
1471,PA,2010,1.7266666666666666
1472,PA,2011,1.1824999999999999
1473,PA,2012,0.9366666666666669
1474,PA,2013,1.6633333333333333
1475,PA,2014,2.0375
1476,PA,2015,1.0875
1477,PA,2016,1.0199999999999998
1478,PA,2017,1.4000000000000001
1479,PA,2018,1.2125000000000001
1480,PA,2019,0.4725000000000001
1481,PA,2020,0.76
1482,RI,1982,-0.02833333333333321
1483,RI,1983,4.8275
1484,RI,1984,3.2458333333333336
1485,RI,1985,2.6858333333333335
1486,RI,1986,1.4241666666666666
1487,RI,1987,1.4841666666666669
1488,RI,1988,1.0516666666666665
1489,RI,1989,-1.2608333333333335
1490,RI,1990,-1.8858333333333335
1491,RI,1991,-0.6900000000000001
1492,RI,1992,2.2383333333333333
1493,RI,1993,2.4366666666666665
1494,RI,1994,2.1816666666666666
1495,RI,1995,1.5891666666666666
1496,RI,1996,1.5991666666666664
1497,RI,1997,1.2791666666666666
1498,RI,1998,1.2249999999999999
1499,RI,1999,1.11
1500,RI,2000,0.6041666666666667
1501,RI,2001,0.08833333333333337
1502,RI,2002,0.8383333333333335
1503,RI,2003,1.2316666666666667
1504,RI,2004,1.1691666666666667
1505,RI,2005,0.7025
1506,RI,2006,0.7875000000000001
1507,RI,2007,-0.9716666666666667
1508,RI,2008,-3.4
1509,RI,2009,-0.40583333333333343
1510,RI,2010,1.1341666666666665
1511,RI,2011,1.0733333333333333
1512,RI,2012,3.0308333333333337
1513,RI,2013,1.7733333333333334
1514,RI,2014,3.9391666666666674
1515,RI,2015,2.533333333333333
1516,RI,2016,1.8933333333333335
1517,RI,2017,1.0958333333333332
1518,RI,2018,1.0483333333333333
1519,RI,2019,0.6908333333333334
1520,RI,2020,1.81
1521,SC,1982,0.5283333333333333
1522,SC,1983,4.524166666666666
1523,SC,1984,2.0033333333333334
1524,SC,1985,1.6008333333333333
1525,SC,1986,1.7358333333333338
1526,SC,1987,2.205833333333333
1527,SC,1988,1.9974999999999998
1528,SC,1989,0.9758333333333334
1529,SC,1990,0.8825
1530,SC,1991,0.7933333333333333
1531,SC,1992,1.465
1532,SC,1993,1.6941666666666666
1533,SC,1994,2.65
1534,SC,1995,1.2308333333333332
1535,SC,1996,1.4541666666666666
1536,SC,1997,2.73
1537,SC,1998,1.2449999999999999
1538,SC,1999,1.5691666666666666
1539,SC,2000,1.1841666666666666
1540,SC,2001,0.12250000000000001
1541,SC,2002,1.3766666666666667
1542,SC,2003,1.4066666666666665
1543,SC,2004,1.7166666666666668
1544,SC,2005,1.7175000000000002
1545,SC,2006,1.7308333333333332
1546,SC,2007,1.3124999999999998
1547,SC,2008,-1.4100000000000001
1548,SC,2009,0.37000000000000005
1549,SC,2010,1.9124999999999996
1550,SC,2011,2.0283333333333338
1551,SC,2012,2.5050000000000003
1552,SC,2013,2.686666666666666
1553,SC,2014,1.7225000000000001
1554,SC,2015,2.0399999999999996
1555,SC,2016,2.096666666666667
1556,SC,2017,1.9799999999999998
1557,SC,2018,1.7683333333333333
1558,SC,2019,1.969166666666667
1559,SC,2020,1.205
1560,SD,1982,0.1108333333333333
1561,SD,1983,3.83
1562,SD,1984,1.4633333333333332
1563,SD,1985,1.0491666666666666
1564,SD,1986,2.1983333333333333
1565,SD,1987,1.96
1566,SD,1988,1.76
1567,SD,1989,1.99
1568,SD,1990,2.11
1569,SD,1991,1.9100000000000001
1570,SD,1992,1.9266666666666665
1571,SD,1993,2.021666666666667
1572,SD,1994,1.989166666666667
1573,SD,1995,1.3641666666666667
1574,SD,1996,1.51
1575,SD,1997,1.9108333333333336
1576,SD,1998,1.6341666666666665
1577,SD,1999,2.160833333333333
1578,SD,2000,1.1641666666666668
1579,SD,2001,0.17166666666666666
1580,SD,2002,1.5558333333333332
1581,SD,2003,1.0408333333333333
1582,SD,2004,1.12
1583,SD,2005,1.9558333333333335
1584,SD,2006,1.970833333333333
1585,SD,2007,1.9941666666666666
1586,SD,2008,-0.2533333333333334
1587,SD,2009,-0.46833333333333305
1588,SD,2010,1.5583333333333336
1589,SD,2011,2.1616666666666666
1590,SD,2012,2.0925
1591,SD,2013,2.1349999999999993
1592,SD,2014,1.9191666666666665
1593,SD,2015,1.9466666666666665
1594,SD,2016,1.2166666666666666
1595,SD,2017,1.3291666666666666
1596,SD,2018,1.4774999999999998
1597,SD,2019,0.835
1598,SD,2020,2.085
1599,TN,1982,0.43
1600,TN,1983,4.344166666666667
1601,TN,1984,2.191666666666667
1602,TN,1985,1.8516666666666663
1603,TN,1986,1.7758333333333336
1604,TN,1987,2.4908333333333332
1605,TN,1988,1.7066666666666668
1606,TN,1989,1.3266666666666664
1607,TN,1990,0.0058333333333333015
1608,TN,1991,1.5541666666666665
1609,TN,1992,2.124166666666667
1610,TN,1993,2.6058333333333334
1611,TN,1994,2.1858333333333335
1612,TN,1995,0.8958333333333334
1613,TN,1996,0.9158333333333332
1614,TN,1997,2.2933333333333334
1615,TN,1998,1.2825
1616,TN,1999,1.5633333333333332
1617,TN,2000,0.8850000000000001
1618,TN,2001,-0.17583333333333337
1619,TN,2002,2.3841666666666668
1620,TN,2003,1.7524999999999997
1621,TN,2004,1.519166666666667
1622,TN,2005,1.8941666666666663
1623,TN,2006,1.5824999999999998
1624,TN,2007,0.21583333333333332
1625,TN,2008,-1.1216666666666666
1626,TN,2009,1.0091666666666665
1627,TN,2010,2.1283333333333334
1628,TN,2011,2.7358333333333333
1629,TN,2012,1.6675000000000002
1630,TN,2013,2.0941666666666667
1631,TN,2014,2.160833333333333
1632,TN,2015,2.4499999999999997
1633,TN,2016,1.7525000000000002
1634,TN,2017,2.075
1635,TN,2018,1.5016666666666667
1636,TN,2019,1.2066666666666668
1637,TN,2020,1.475
1638,TX,1982,0.12833333333333333
1639,TX,1983,2.0358333333333336
1640,TX,1984,2.2141666666666664
1641,TX,1985,1.1475000000000002
1642,TX,1986,0.06000000000000002
1643,TX,1987,1.8116666666666665
1644,TX,1988,1.9533333333333334
1645,TX,1989,1.6075
1646,TX,1990,1.8891666666666669
1647,TX,1991,1.1891666666666667
1648,TX,1992,1.64
1649,TX,1993,2.018333333333333
1650,TX,1994,2.3758333333333335
1651,TX,1995,1.7483333333333333
1652,TX,1996,1.9383333333333337
1653,TX,1997,2.2816666666666667
1654,TX,1998,1.9116666666666664
1655,TX,1999,1.6975
1656,TX,2000,1.8916666666666673
1657,TX,2001,0.5241666666666666
1658,TX,2002,1.0783333333333334
1659,TX,2003,1.3266666666666664
1660,TX,2004,1.8841666666666663
1661,TX,2005,2.0266666666666664
1662,TX,2006,2.095
1663,TX,2007,1.6416666666666666
1664,TX,2008,0.6749999999999999
1665,TX,2009,0.08333333333333331
1666,TX,2010,1.7525000000000002
1667,TX,2011,1.9108333333333334
1668,TX,2012,2.075833333333333
1669,TX,2013,1.9158333333333333
1670,TX,2014,2.2675000000000005
1671,TX,2015,1.4366666666666665
1672,TX,2016,1.4533333333333334
1673,TX,2017,1.7716666666666665
1674,TX,2018,2.1383333333333336
1675,TX,2019,1.6925
1676,TX,2020,1.835
1677,UT,1982,0.20333333333333337
1678,UT,1983,3.5999999999999996
1679,UT,1984,2.413333333333333
1680,UT,1985,2.035
1681,UT,1986,1.6216666666666668
1682,UT,1987,2.8874999999999997
1683,UT,1988,2.6875
1684,UT,1989,1.6666666666666663
1685,UT,1990,1.3875
1686,UT,1991,1.3883333333333334
1687,UT,1992,2.271666666666667
1688,UT,1993,2.5825
1689,UT,1994,1.8466666666666667
1690,UT,1995,2.1966666666666668
1691,UT,1996,1.5399999999999998
1692,UT,1997,1.635
1693,UT,1998,1.4350000000000003
1694,UT,1999,2.106666666666667
1695,UT,2000,1.2233333333333332
1696,UT,2001,0.5516666666666666
1697,UT,2002,1.8400000000000005
1698,UT,2003,2.5016666666666665
1699,UT,2004,2.8625000000000003
1700,UT,2005,2.5941666666666667
1701,UT,2006,2.334166666666667
1702,UT,2007,1.1175
1703,UT,2008,0.07000000000000021
1704,UT,2009,0.6516666666666667
1705,UT,2010,2.3975
1706,UT,2011,3.1166666666666667
1707,UT,2012,2.4091666666666667
1708,UT,2013,2.4208333333333334
1709,UT,2014,2.5783333333333336
1710,UT,2015,1.8941666666666663
1711,UT,2016,2.0900000000000003
1712,UT,2017,2.1483333333333334
1713,UT,2018,2.120833333333333
1714,UT,2019,1.9691666666666665
1715,UT,2020,1.3450000000000002
1716,VT,1982,0.5700000000000001
1717,VT,1983,3.079166666666666
1718,VT,1984,1.9216666666666669
1719,VT,1985,2.1591666666666667
1720,VT,1986,1.8891666666666664
1721,VT,1987,2.2608333333333337
1722,VT,1988,1.3650000000000002
1723,VT,1989,-0.29
1724,VT,1990,-0.525
1725,VT,1991,1.4341666666666664
1726,VT,1992,2.4399999999999995
1727,VT,1993,2.204166666666666
1728,VT,1994,2.1049999999999995
1729,VT,1995,0.8608333333333335
1730,VT,1996,1.3516666666666668
1731,VT,1997,1.555
1732,VT,1998,1.3124999999999998
1733,VT,1999,1.5408333333333335
1734,VT,2000,0.6141666666666666
1735,VT,2001,0.16583333333333336
1736,VT,2002,1.2933333333333332
1737,VT,2003,1.6900000000000002
1738,VT,2004,2.1491666666666664
1739,VT,2005,1.0250000000000001
1740,VT,2006,0.5575
1741,VT,2007,0.47666666666666657
1742,VT,2008,-0.05833333333333337
1743,VT,2009,1.3608333333333336
1744,VT,2010,1.9183333333333332
1745,VT,2011,2.0466666666666664
1746,VT,2012,1.8100000000000005
1747,VT,2013,1.7774999999999999
1748,VT,2014,1.8
1749,VT,2015,1.7058333333333333
1750,VT,2016,1.4375
1751,VT,2017,1.5733333333333333
1752,VT,2018,1.1683333333333334
1753,VT,2019,0.6433333333333334
1754,VT,2020,0.61
1755,VA,1982,0.9366666666666666
1756,VA,1983,3.0524999999999998
1757,VA,1984,1.8875000000000002
1758,VA,1985,2.1075000000000004
1759,VA,1986,1.8849999999999998
1760,VA,1987,2.1408333333333336
1761,VA,1988,1.6075
1762,VA,1989,1.3525000000000003
1763,VA,1990,0.28999999999999987
1764,VA,1991,0.8783333333333334
1765,VA,1992,1.8508333333333333
1766,VA,1993,1.9783333333333328
1767,VA,1994,1.8183333333333334
1768,VA,1995,1.1866666666666668
1769,VA,1996,1.6291666666666667
1770,VA,1997,2.0375
1771,VA,1998,1.665
1772,VA,1999,1.5191666666666663
1773,VA,2000,1.6375
1774,VA,2001,0.13166666666666668
1775,VA,2002,1.388333333333333
1776,VA,2003,1.5358333333333334
1777,VA,2004,1.7800000000000002
1778,VA,2005,1.5966666666666667
1779,VA,2006,1.1833333333333333
1780,VA,2007,0.9866666666666665
1781,VA,2008,0.19333333333333336
1782,VA,2009,0.1483333333333333
1783,VA,2010,1.6358333333333333
1784,VA,2011,1.5583333333333333
1785,VA,2012,1.6825
1786,VA,2013,1.3683333333333332
1787,VA,2014,1.6366666666666665
1788,VA,2015,1.9216666666666666
1789,VA,2016,1.2891666666666668
1790,VA,2017,1.6050000000000002
1791,VA,2018,1.3483333333333334
1792,VA,2019,1.3099999999999998
1793,VA,2020,1.75
1794,WA,1982,0.8258333333333333
1795,WA,1983,3.3333333333333335
1796,WA,1984,2.463333333333333
1797,WA,1985,2.489166666666667
1798,WA,1986,1.8283333333333338
1799,WA,1987,2.688333333333333
1800,WA,1988,2.3533333333333335
1801,WA,1989,1.980833333333333
1802,WA,1990,1.3933333333333335
1803,WA,1991,0.7841666666666667
1804,WA,1992,1.2741666666666664
1805,WA,1993,2.285
1806,WA,1994,2.1249999999999996
1807,WA,1995,1.1341666666666665
1808,WA,1996,2.546666666666667
1809,WA,1997,2.335833333333333
1810,WA,1998,1.3074999999999999
1811,WA,1999,1.7583333333333335
1812,WA,2000,0.9816666666666668
1813,WA,2001,-0.2808333333333333
1814,WA,2002,1.7616666666666667
1815,WA,2003,1.8433333333333335
1816,WA,2004,2.7108333333333334
1817,WA,2005,2.2133333333333334
1818,WA,2006,1.615
1819,WA,2007,1.5774999999999997
1820,WA,2008,-0.48500000000000004
1821,WA,2009,-1.2874999999999999
1822,WA,2010,2.2024999999999997
1823,WA,2011,2.4124999999999996
1824,WA,2012,2.8825000000000003
1825,WA,2013,2.31
1826,WA,2014,2.4050000000000002
1827,WA,2015,1.975833333333333
1828,WA,2016,2.2058333333333335
1829,WA,2017,1.9483333333333333
1830,WA,2018,1.4749999999999999
1831,WA,2019,1.7950000000000002
1832,WA,2020,2.02
1833,WV,1982,-12.560833333333333
1834,WV,1983,7.2475
1835,WV,1984,2.9016666666666673
1836,WV,1985,5.151666666666666
1837,WV,1986,1.3399999999999999
1838,WV,1987,2.2108333333333334
1839,WV,1988,3.955833333333333
1840,WV,1989,1.5916666666666668
1841,WV,1990,-3.0908333333333338
1842,WV,1991,-2.6199999999999997
1843,WV,1992,1.4949999999999999
1844,WV,1993,2.7875
1845,WV,1994,4.9575
1846,WV,1995,0.12749999999999992
1847,WV,1996,1.3891666666666664
1848,WV,1997,2.2933333333333334
1849,WV,1998,0.9916666666666666
1850,WV,1999,1.2875
1851,WV,2000,1.821666666666667
1852,WV,2001,-0.5416666666666666
1853,WV,2002,-0.17916666666666667
1854,WV,2003,1.5108333333333333
1855,WV,2004,2.6175
1856,WV,2005,1.9891666666666665
1857,WV,2006,1.3083333333333333
1858,WV,2007,0.5483333333333333
1859,WV,2008,-0.7891666666666666
1860,WV,2009,-3.4833333333333343
1861,WV,2010,1.5333333333333339
1862,WV,2011,3.371666666666666
1863,WV,2012,0.38083333333333336
1864,WV,2013,1.0766666666666669
1865,WV,2014,1.825
1866,WV,2015,0.4783333333333333
1867,WV,2016,2.1475000000000004
1868,WV,2017,1.2783333333333333
1869,WV,2018,2.83
1870,WV,2019,-0.13833333333333334
1871,WV,2020,3.115
1872,WI,1982,-0.6233333333333334
1873,WI,1983,3.0483333333333333
1874,WI,1984,1.9366666666666668
1875,WI,1985,1.3074999999999999
1876,WI,1986,1.6908333333333332
1877,WI,1987,2.1508333333333334
1878,WI,1988,1.9108333333333334
1879,WI,1989,1.1816666666666666
1880,WI,1990,0.784166666666667
1881,WI,1991,0.9349999999999999
1882,WI,1992,1.9100000000000001
1883,WI,1993,1.501666666666667
1884,WI,1994,1.9349999999999996
1885,WI,1995,1.0133333333333334
1886,WI,1996,1.4316666666666666
1887,WI,1997,1.495
1888,WI,1998,1.2216666666666667
1889,WI,1999,1.4191666666666667
1890,WI,2000,0.6875000000000001
1891,WI,2001,-0.0675
1892,WI,2002,1.1258333333333337
1893,WI,2003,1.0691666666666666
1894,WI,2004,1.5466666666666669
1895,WI,2005,1.0699999999999998
1896,WI,2006,0.8658333333333333
1897,WI,2007,0.8266666666666667
1898,WI,2008,-0.05166666666666667
1899,WI,2009,-0.7458333333333335
1900,WI,2010,1.8016666666666667
1901,WI,2011,1.4683333333333335
1902,WI,2012,1.4291666666666665
1903,WI,2013,1.5216666666666667
1904,WI,2014,1.8358333333333332
1905,WI,2015,1.4991666666666668
1906,WI,2016,1.3808333333333334
1907,WI,2017,1.4658333333333335
1908,WI,2018,1.0258333333333334
1909,WI,2019,0.7041666666666666
1910,WI,2020,1.705
1911,WY,1982,-2.249166666666667
1912,WY,1983,1.979166666666667
1913,WY,1984,1.2833333333333332
1914,WY,1985,-0.46
1915,WY,1986,-0.8075
1916,WY,1987,2.3658333333333332
1917,WY,1988,1.31
1918,WY,1989,1.2900000000000003
1919,WY,1990,1.0224999999999997
1920,WY,1991,0.29
1921,WY,1992,0.8891666666666667
1922,WY,1993,0.9666666666666669
1923,WY,1994,1.7824999999999998
1924,WY,1995,0.7025
1925,WY,1996,0.7766666666666667
1926,WY,1997,1.4500000000000002
1927,WY,1998,0.87
1928,WY,1999,1.5250000000000001
1929,WY,2000,1.2191666666666665
1930,WY,2001,0.8849999999999999
1931,WY,2002,0.3383333333333334
1932,WY,2003,0.955
1933,WY,2004,1.7525000000000002
1934,WY,2005,1.3158333333333332
1935,WY,2006,1.7666666666666664
1936,WY,2007,1.2041666666666666
1937,WY,2008,0.05083333333333325
1938,WY,2009,-1.3808333333333334
1939,WY,2010,1.4800000000000002
1940,WY,2011,1.2133333333333334
1941,WY,2012,0.8925000000000001
1942,WY,2013,1.0216666666666667
1943,WY,2014,1.3383333333333332
1944,WY,2015,0.02166666666666665
1945,WY,2016,0.8033333333333333
1946,WY,2017,1.820833333333333
1947,WY,2018,1.8191666666666662
1948,WY,2019,0.9833333333333333
1949,WY,2020,0.98
