District,Urban,Suburban,Rural,Urban %,Suburban %,Rural %,Most Prevalent
U.S.A.,"83,171,109","169,710,405","68,122,772",25.9,52.9,21.2,Suburban
Alabama,"967,111","2,004,018","1,879,647",19.9,41.3,38.7,Suburban
AL-01,"148,964","302,147","255,481",21.1,42.8,36.2,Suburban
AL-02,"146,722","253,542","281,148",21.5,37.2,41.3,Rural
AL-03,"118,205","273,994","316,656",16.7,38.7,44.7,Rural
AL-04,"80,990","215,267","384,141",11.9,31.6,56.5,Rural
AL-05,"113,578","354,082","241,316",16.0,49.9,34.0,Suburban
AL-06,"89,189","391,990","212,694",12.9,56.5,30.7,Suburban
AL-07,"269,463","212,996","188,212",40.2,31.8,28.1,Urban
Alaska,"162,281","367,243","209,041",22.0,49.7,28.3,Suburban
AK-AL,"162,281","367,243","209,041",22.0,49.7,28.3,Suburban
Arizona,"1,859,473","4,038,989","911,472",27.3,59.3,13.4,Suburban
AZ-01,"104,023","305,131","330,763",14.1,41.2,44.7,Rural
AZ-02,"263,170","366,262","85,454",36.8,51.2,12.0,Suburban
AZ-03,"259,345","372,872","114,222",34.7,50.0,15.3,Suburban
AZ-04,"116,053","390,308","239,797",15.6,52.3,32.1,Suburban
AZ-05,"128,703","616,129","37,793",16.4,78.7,4.8,Suburban
AZ-06,"204,512","529,253","27,832",26.9,69.5,3.7,Suburban
AZ-07,"375,357","394,929","15,805",47.7,50.2,2.0,Suburban
AZ-08,"138,358","578,732","54,973",17.9,75.0,7.1,Suburban
AZ-09,"269,952","485,372","4,834",35.5,63.9,0.6,Suburban
Arkansas,"596,803","1,116,106","1,265,033",20.0,37.5,42.5,Rural
AR-01,"124,804","226,387","371,888",17.3,31.3,51.4,Rural
AR-02,"195,785","349,342","211,981",25.9,46.1,28.0,Suburban
AR-03,"166,789","359,410","253,946",21.4,46.1,32.6,Suburban
AR-04,"109,425","180,967","427,218",15.2,25.2,59.5,Rural
California,"12,792,442","23,249,186","2,941,224",32.8,59.6,7.5,Suburban
CA-01,"111,578","295,662","296,639",15.9,42.0,42.1,Rural
CA-02,"82,637","437,090","200,339",11.5,60.7,27.8,Suburban
CA-03,"160,076","442,818","134,815",21.7,60.0,18.3,Suburban
CA-04,"59,088","408,946","257,432",8.1,56.4,35.5,Suburban
CA-05,"149,577","508,370","62,971",20.7,70.5,8.7,Suburban
CA-06,"258,416","471,768","9,027",35.0,63.8,1.2,Suburban
CA-07,"111,136","600,940","25,170",15.1,81.5,3.4,Suburban
CA-08,"91,872","424,348","200,067",12.8,59.2,27.9,Suburban
CA-09,"205,806","475,698","74,164",27.2,63.0,9.8,Suburban
CA-10,"130,301","534,248","69,660",17.7,72.8,9.5,Suburban
CA-11,"170,103","574,905","12,263",22.5,75.9,1.6,Suburban
CA-12,"673,832","70,960","1,096",90.3,9.5,0.1,Urban
CA-13,"463,710","280,967","4,970",61.9,37.5,0.7,Urban
CA-14,"247,343","501,575","9,626",32.6,66.1,1.3,Suburban
CA-15,"123,868","621,119","12,971",16.3,81.9,1.7,Suburban
CA-16,"260,486","358,770","107,342",35.9,49.4,14.8,Suburban
CA-17,"230,298","531,686","4,850",30.0,69.3,0.6,Suburban
CA-18,"148,618","533,890","52,342",20.2,72.7,7.1,Suburban
CA-19,"316,999","422,357","18,482",41.8,55.7,2.4,Suburban
CA-20,"227,721","392,851","114,064",31.0,53.5,15.5,Suburban
CA-21,"216,071","364,601","133,432",30.3,51.1,18.7,Suburban
CA-22,"202,087","458,703","88,822",27.0,61.2,11.8,Suburban
CA-23,"141,659","451,813","141,390",19.3,61.5,19.2,Suburban
CA-24,"162,538","449,382","118,312",22.3,61.5,16.2,Suburban
CA-25,"98,413","546,635","74,316",13.7,76.0,10.3,Suburban
CA-26,"118,151","553,295","58,618",16.2,75.8,8.0,Suburban
CA-27,"203,692","499,582","9,377",28.6,70.1,1.3,Suburban
CA-28,"409,816","312,185","5,097",56.4,42.9,0.7,Urban
CA-29,"436,630","271,061","13,972",60.5,37.6,1.9,Urban
CA-30,"329,664","422,353","4,541",43.6,55.8,0.6,Suburban
CA-31,"156,102","563,489","21,231",21.1,76.1,2.9,Suburban
CA-32,"245,429","467,111","13,087",33.8,64.4,1.8,Suburban
CA-33,"265,346","425,437","15,944",37.5,60.2,2.3,Suburban
CA-34,"515,487","195,148","14,819",71.1,26.9,2.0,Urban
CA-35,"167,681","553,628","16,766",22.7,75.0,2.3,Suburban
CA-36,"172,866","465,623","107,872",23.2,62.4,14.5,Suburban
CA-37,"559,005","164,493","3,372",76.9,22.6,0.5,Urban
CA-38,"265,195","442,586","11,355",36.9,61.5,1.6,Suburban
CA-39,"153,443","563,791","14,033",21.0,77.1,1.9,Suburban
CA-40,"469,504","236,238","9,446",65.6,33.0,1.3,Urban
CA-41,"198,784","516,017","41,323",26.3,68.2,5.5,Suburban
CA-42,"77,545","608,788","80,011",10.1,79.4,10.4,Suburban
CA-43,"400,906","318,443","7,786",55.1,43.8,1.1,Urban
CA-44,"493,326","225,254","7,397",68.0,31.0,1.0,Urban
CA-45,"115,444","642,174","11,442",15.0,83.5,1.5,Suburban
CA-46,"431,974","280,279","5,348",60.2,39.1,0.7,Urban
CA-47,"308,508","405,522","8,076",42.7,56.2,1.1,Suburban
CA-48,"183,119","533,384","5,782",25.4,73.8,0.8,Suburban
CA-49,"106,135","592,877","33,818",14.5,80.9,4.6,Suburban
CA-50,"108,962","520,793","118,270",14.6,69.6,15.8,Suburban
CA-51,"354,247","308,636","60,382",49.0,42.7,8.3,Urban
CA-52,"222,750","525,745","8,513",29.4,69.5,1.1,Suburban
CA-53,"278,498","475,152","8,983",36.5,62.3,1.2,Suburban
Colorado,"1,251,318","3,371,242","813,959",23.0,62.0,15.0,Suburban
CO-01,"405,369","394,764","5,769",50.3,49.0,0.7,Urban
CO-02,"141,913","484,479","145,447",18.4,62.8,18.8,Suburban
CO-03,"151,980","283,908","298,166",20.7,38.7,40.6,Rural
CO-04,"117,382","451,717","214,249",15.0,57.7,27.4,Suburban
CO-05,"145,001","517,044","109,036",18.8,67.1,14.1,Suburban
CO-06,"152,353","622,681","21,382",19.1,78.2,2.7,Suburban
CO-07,"137,320","616,649","19,912",17.7,79.7,2.6,Suburban
Connecticut,"780,783","2,287,459","526,232",21.7,63.6,14.6,Suburban
CT-01,"157,710","500,900","55,857",22.1,70.1,7.8,Suburban
CT-02,"69,384","381,433","259,063",9.8,53.7,36.5,Suburban
CT-03,"195,343","466,787","50,878",27.4,65.5,7.1,Suburban
CT-04,"236,785","469,135","34,913",32.0,63.3,4.7,Suburban
CT-05,"121,561","469,205","125,520",17.0,65.5,17.5,Suburban
Delaware,"158,557","576,003","209,169",16.8,61.0,22.2,Suburban
DE-AL,"158,557","576,003","209,169",16.8,61.0,22.2,Suburban
District of Columbia,"610,301","60,072","2,018",90.8,8.9,0.3,Urban
DC-AL,"610,301","60,072","2,018",90.8,8.9,0.3,Urban
Florida,"4,820,072","12,937,010","2,521,349",23.8,63.8,12.4,Suburban
FL-01,"111,822","453,631","184,796",14.9,60.5,24.6,Suburban
FL-02,"88,793","256,891","371,881",12.4,35.8,51.8,Rural
FL-03,"114,039","358,905","242,502",15.9,50.2,33.9,Suburban
FL-04,"120,116","559,250","90,473",15.6,72.6,11.8,Suburban
FL-05,"214,242","347,394","147,472",30.2,49.0,20.8,Suburban
FL-06,"118,218","505,411","118,082",15.9,68.1,15.9,Suburban
FL-07,"146,451","565,988","27,243",19.8,76.5,3.7,Suburban
FL-08,"88,474","560,456","88,056",12.0,76.0,11.9,Suburban
FL-09,"196,130","500,636","124,551",23.9,61.0,15.2,Suburban
FL-10,"194,293","563,976","22,709",24.9,72.2,2.9,Suburban
FL-11,"85,708","412,183","241,990",11.6,55.7,32.7,Suburban
FL-12,"107,005","543,926","87,904",14.5,73.6,11.9,Suburban
FL-13,"221,749","488,838","9,839",30.8,67.9,1.4,Suburban
FL-14,"293,648","445,390","11,231",39.1,59.4,1.5,Suburban
FL-15,"130,993","526,082","102,697",17.2,69.2,13.5,Suburban
FL-16,"114,859","586,972","82,655",14.6,74.8,10.5,Suburban
FL-17,"82,969","425,908","233,045",11.2,57.4,31.4,Suburban
FL-18,"93,024","580,261","75,076",12.4,77.5,10.0,Suburban
FL-19,"127,719","589,302","70,056",16.2,74.9,8.9,Suburban
FL-20,"263,671","493,624","17,312",34.0,63.7,2.2,Suburban
FL-21,"132,727","604,546","11,941",17.7,80.7,1.6,Suburban
FL-22,"191,768","541,251","9,941",25.8,72.9,1.3,Suburban
FL-23,"153,773","575,342","15,977",20.6,77.2,2.1,Suburban
FL-24,"436,278","297,489","5,841",59.0,40.2,0.8,Urban
FL-25,"328,408","359,475","64,794",43.6,47.8,8.6,Suburban
FL-26,"292,671","421,690","55,588",38.0,54.8,7.2,Suburban
FL-27,"370,526","372,192","7,697",49.4,49.6,1.0,Suburban
Georgia,"1,745,555","5,703,741","2,752,349",17.1,55.9,27.0,Suburban
GA-01,"136,414","334,302","252,549",18.9,46.2,34.9,Suburban
GA-02,"172,409","277,498","229,417",25.4,40.8,33.8,Suburban
GA-03,"63,955","363,917","297,979",8.8,50.1,41.1,Suburban
GA-04,"169,908","494,120","66,173",23.3,67.7,9.1,Suburban
GA-05,"439,870","287,886","18,337",59.0,38.6,2.5,Urban
GA-06,"91,390","634,302","16,267",12.3,85.5,2.2,Suburban
GA-07,"57,697","707,966","24,761",7.3,89.6,3.1,Suburban
GA-08,"108,618","268,262","332,439",15.3,37.8,46.9,Rural
GA-09,"58,634","246,448","420,238",8.1,34.0,57.9,Rural
GA-10,"80,724","320,324","319,678",11.2,44.4,44.4,Suburban
GA-11,"81,331","593,986","90,390",10.6,77.6,11.8,Suburban
GA-12,"124,704","315,759","273,781",17.5,44.2,38.3,Suburban
GA-13,"94,484","551,197","76,233",13.1,76.4,10.6,Suburban
GA-14,"65,417","307,774","334,107",9.2,43.5,47.2,Rural
Hawaii,"383,538","804,884","233,234",27.0,56.6,16.4,Suburban
HI-01,"272,068","408,120","30,536",38.3,57.4,4.3,Suburban
HI-02,"111,470","396,764","202,697",15.7,55.8,28.5,Suburban
Idaho,"256,176","818,391","582,804",15.5,49.4,35.2,Suburban
ID-01,"109,947","434,778","304,295",12.9,51.2,35.8,Suburban
ID-02,"146,229","383,613","278,509",18.1,47.5,34.5,Suburban
Illinois,"4,201,702","6,835,790","1,817,022",32.7,53.2,14.1,Suburban
IL-01,"397,968","293,600","17,725",56.1,41.4,2.5,Urban
IL-02,"260,311","384,490","57,422",37.1,54.8,8.2,Suburban
IL-03,"256,341","456,254","19,609",35.0,62.3,2.7,Suburban
IL-04,"584,010","116,442","4,377",82.9,16.5,0.6,Urban
IL-05,"518,133","223,019","3,842",69.5,29.9,0.5,Urban
IL-06,"37,305","651,803","19,491",5.3,92.0,2.8,Suburban
IL-07,"581,631","127,573","9,172",81.0,17.8,1.3,Urban
IL-08,"79,933","642,067","10,648",10.9,87.6,1.5,Suburban
IL-09,"326,024","393,184","3,207",45.1,54.4,0.4,Suburban
IL-10,"100,077","599,502","24,372",13.8,82.8,3.4,Suburban
IL-11,"97,893","573,848","12,511",14.3,83.9,1.8,Suburban
IL-12,"172,867","329,239","196,523",24.7,47.1,28.1,Suburban
IL-13,"184,776","344,281","171,081",26.4,49.2,24.4,Suburban
IL-14,"30,426","594,286","132,532",4.0,78.5,17.5,Suburban
IL-15,"133,724","188,273","388,531",18.8,26.5,54.7,Rural
IL-16,"107,136","337,974","253,431",15.3,48.4,36.3,Suburban
IL-17,"220,985","256,413","212,965",32.0,37.1,30.8,Suburban
IL-18,"112,163","323,543","279,581",15.7,45.2,39.1,Suburban
Indiana,"1,533,361","3,067,214","2,013,826",23.2,46.4,30.4,Suburban
IN-01,"152,385","458,149","109,825",21.2,63.6,15.2,Suburban
IN-02,"164,083","294,723","259,284",22.8,41.0,36.1,Suburban
IN-03,"178,322","293,496","265,844",24.2,39.8,36.0,Suburban
IN-04,"124,181","336,385","285,274",16.6,45.1,38.2,Suburban
IN-05,"139,435","505,876","111,271",18.4,66.9,14.7,Suburban
IN-06,"124,888","246,812","348,110",17.4,34.3,48.4,Rural
IN-07,"368,906","356,530","27,270",49.0,47.4,3.6,Urban
IN-08,"150,595","240,562","327,988",20.9,33.5,45.6,Rural
IN-09,"130,566","334,681","278,960",17.5,45.0,37.5,Suburban
Iowa,"766,896","1,321,059","1,030,152",24.6,42.4,33.0,Suburban
IA-01,"183,771","322,341","264,335",23.9,41.8,34.3,Suburban
IA-02,"170,350","340,662","266,328",21.9,43.8,34.3,Suburban
IA-03,"245,713","396,973","169,273",30.3,48.9,20.8,Suburban
IA-04,"167,062","261,083","330,216",22.0,34.4,43.5,Rural
Kansas,"717,149","1,457,437","729,232",24.7,50.2,25.1,Suburban
KS-01,"154,342","276,909","283,003",21.6,38.8,39.6,Rural
KS-02,"186,423","264,464","262,875",26.1,37.1,36.8,Suburban
KS-03,"145,863","579,557","28,290",19.4,76.9,3.8,Suburban
KS-04,"230,521","336,506","155,064",31.9,46.6,21.5,Suburban
Kentucky,"768,993","1,814,355","1,841,030",17.4,41.0,41.6,Rural
KY-01,"84,918","193,732","441,602",11.8,26.9,61.3,Rural
KY-02,"99,334","283,424","364,475",13.3,37.9,48.8,Rural
KY-03,"265,071","465,810","13,333",35.6,62.6,1.8,Suburban
KY-04,"94,821","375,722","275,344",12.7,50.4,36.9,Suburban
KY-05,"45,627","137,502","526,376",6.4,19.4,74.2,Rural
KY-06,"179,221","358,165","219,899",23.7,47.3,29.0,Suburban
Louisiana,"1,122,936","1,870,107","1,670,417",24.1,40.1,35.8,Suburban
LA-01,"127,852","460,585","211,993",16.0,57.5,26.5,Suburban
LA-02,"405,964","295,186","86,783",51.5,37.5,11.0,Urban
LA-03,"170,518","295,087","311,569",21.9,38.0,40.1,Rural
LA-04,"134,936","257,054","370,514",17.7,33.7,48.6,Rural
LA-05,"133,827","188,849","425,317",17.9,25.2,56.9,Rural
LA-06,"149,839","373,346","264,241",19.0,47.4,33.6,Suburban
Maine,"169,159","439,217","721,791",12.7,33.0,54.3,Rural
ME-01,"91,738","267,431","315,013",13.6,39.7,46.7,Rural
ME-02,"77,421","171,786","406,778",11.8,26.2,62.0,Rural
Maryland,"1,319,786","3,851,529","824,763",22.0,64.2,13.8,Suburban
MD-01,"54,183","351,838","325,920",7.4,48.1,44.5,Suburban
MD-02,"180,013","554,445","18,127",23.9,73.7,2.4,Suburban
MD-03,"216,511","524,165","14,101",28.7,69.4,1.9,Suburban
MD-04,"228,149","501,992","18,780",30.5,67.0,2.5,Suburban
MD-05,"70,116","510,479","178,347",9.2,67.3,23.5,Suburban
MD-06,"100,315","529,198","135,732",13.1,69.2,17.7,Suburban
MD-07,"345,298","333,551","45,081",47.7,46.1,6.2,Urban
MD-08,"125,201","545,862","88,675",16.5,71.8,11.7,Suburban
Massachusetts,"2,038,547","4,008,444","742,258",30.0,59.0,10.9,Suburban
MA-01,"172,362","403,868","157,077",23.5,55.1,21.4,Suburban
MA-02,"147,184","397,736","193,129",19.9,53.9,26.2,Suburban
MA-03,"197,282","480,260","80,082",26.0,63.4,10.6,Suburban
MA-04,"99,822","586,395","70,174",13.2,77.5,9.3,Suburban
MA-05,"230,451","515,498","12,232",30.4,68.0,1.6,Suburban
MA-06,"140,384","570,653","52,782",18.4,74.7,6.9,Suburban
MA-07,"676,028","114,345","5,179",85.0,14.4,0.7,Urban
MA-08,"261,564","466,764","21,823",34.9,62.2,2.9,Suburban
MA-09,"113,470","472,925","149,781",15.4,64.2,20.3,Suburban
Michigan,"2,105,789","4,984,421","2,835,365",21.2,50.2,28.6,Suburban
MI-01,"76,667","161,396","460,640",11.0,23.1,65.9,Rural
MI-02,"130,281","375,450","223,216",17.9,51.5,30.6,Suburban
MI-03,"184,276","309,107","235,705",25.3,42.4,32.3,Suburban
MI-04,"68,455","197,846","440,909",9.7,28.0,62.3,Rural
MI-05,"166,918","311,442","202,442",24.5,45.7,29.7,Suburban
MI-06,"108,710","288,016","317,723",15.2,40.3,44.5,Rural
MI-07,"101,968","255,317","350,065",14.4,36.1,49.5,Rural
MI-08,"121,245","386,548","221,886",16.6,53.0,30.4,Suburban
MI-09,"137,233","576,966","7,255",19.0,80.0,1.0,Suburban
MI-10,"45,264","405,178","258,423",6.4,57.2,36.5,Suburban
MI-11,"49,793","628,312","42,922",6.9,87.1,6.0,Suburban
MI-12,"145,844","504,757","52,036",20.8,71.8,7.4,Suburban
MI-13,"415,784","252,247","15,302",60.8,36.9,2.2,Urban
MI-14,"353,351","331,838","6,840",51.1,48.0,1.0,Urban
Minnesota,"1,221,629","2,908,389","1,360,699",22.2,53.0,24.8,Suburban
MN-01,"135,683","292,909","240,865",20.3,43.8,36.0,Suburban
MN-02,"62,025","538,095","90,644",9.0,77.9,13.1,Suburban
MN-03,"64,989","611,615","28,484",9.2,86.7,4.0,Suburban
MN-04,"271,894","410,412","20,166",38.7,58.4,2.9,Suburban
MN-05,"432,098","264,100","5,744",61.6,37.6,0.8,Urban
MN-06,"67,198","413,223","217,409",9.6,59.2,31.2,Suburban
MN-07,"88,491","188,500","381,565",13.4,28.6,57.9,Rural
MN-08,"99,253","189,535","375,822",14.9,28.5,56.5,Rural
Mississippi,"573,197","948,145","1,464,890",19.2,31.8,49.1,Rural
MS-01,"97,795","247,259","409,385",13.0,32.8,54.3,Rural
MS-02,"222,086","173,847","310,801",31.4,24.6,44.0,Rural
MS-03,"120,661","236,611","406,671",15.8,31.0,53.2,Rural
MS-04,"132,656","290,427","338,033",17.4,38.2,44.4,Rural
Missouri,"1,327,209","2,894,452","1,853,653",21.8,47.6,30.5,Suburban
MO-01,"402,161","321,446","14,177",54.5,43.6,1.9,Urban
MO-02,"63,268","669,891","27,153",8.3,88.1,3.6,Suburban
MO-03,"77,484","383,831","314,230",10.0,49.5,40.5,Suburban
MO-04,"116,469","265,200","385,171",15.2,34.6,50.2,Rural
MO-05,"305,226","376,693","76,421",40.2,49.7,10.1,Suburban
MO-06,"111,708","384,054","269,450",14.6,50.2,35.2,Suburban
MO-07,"150,257","316,914","301,695",19.5,41.2,39.2,Suburban
MO-08,"100,636","176,423","465,356",13.6,23.8,62.7,Rural
Montana,"206,990","374,725","448,148",20.1,36.4,43.5,Rural
MT-AL,"206,990","374,725","448,148",20.1,36.4,43.5,Rural
Nebraska,"528,917","885,940","479,063",27.9,46.8,25.3,Suburban
NE-01,"178,223","306,789","147,784",28.2,48.5,23.4,Suburban
NE-02,"236,959","389,301","29,134",36.2,59.4,4.4,Suburban
NE-03,"113,736","189,851","302,145",18.8,31.3,49.9,Rural
Nevada,"851,093","1,807,370","229,254",29.5,62.6,7.9,Suburban
NV-01,"354,296","325,665","8,113",51.5,47.3,1.2,Urban
NV-02,"151,959","404,009","145,986",21.6,57.6,20.8,Suburban
NV-03,"176,410","572,769","14,052",23.1,75.0,1.8,Suburban
NV-04,"168,428","504,927","61,103",22.9,68.7,8.3,Suburban
New Hampshire,"172,183","588,579","571,091",12.9,44.2,42.9,Suburban
NH-01,"95,046","339,271","238,847",14.1,50.4,35.5,Suburban
NH-02,"77,136","249,308","332,244",11.7,37.8,50.4,Rural
New Jersey,"2,122,120","6,127,049","711,005",23.7,68.4,7.9,Suburban
NJ-01,"136,388","554,174","41,634",18.6,75.7,5.7,Suburban
NJ-02,"125,132","404,013","196,914",17.1,55.7,27.2,Suburban
NJ-03,"59,974","580,570","93,676",8.2,79.1,12.8,Suburban
NJ-04,"88,237","584,621","69,048",11.9,78.8,9.3,Suburban
NJ-05,"65,211","585,295","102,649",8.7,77.7,13.6,Suburban
NJ-06,"180,025","554,417","15,728",24.0,73.9,2.1,Suburban
NJ-07,"43,013","609,572","91,544",5.8,81.9,12.3,Suburban
NJ-08,"571,237","195,229","6,162",73.9,25.3,0.8,Urban
NJ-09,"225,889","508,058","19,590",30.0,67.4,2.6,Suburban
NJ-10,"430,625","316,726","8,259",57.0,41.9,1.1,Urban
NJ-11,"55,337","650,311","35,161",7.5,87.8,4.7,Suburban
NJ-12,"141,052","584,062","30,638",18.7,77.3,4.1,Suburban
New Mexico,"588,003","882,881","613,941",28.2,42.3,29.4,Suburban
NM-01,"298,361","328,418","78,538",42.3,46.6,11.1,Suburban
NM-02,"172,772","256,196","267,557",24.8,36.8,38.4,Rural
NM-03,"116,870","298,267","267,846",17.1,43.7,39.2,Suburban
New York,"8,949,617","8,215,936","2,632,666",45.2,41.5,13.3,Urban
NY-01,"36,866","615,786","68,981",5.1,85.3,9.6,Suburban
NY-02,"56,021","656,143","8,756",7.8,91.0,1.2,Suburban
NY-03,"75,765","647,484","11,633",10.3,88.1,1.6,Suburban
NY-04,"121,828","590,740","5,977",17.0,82.2,0.8,Suburban
NY-05,"491,006","294,213","5,854",62.1,37.2,0.7,Urban
NY-06,"519,859","204,085","3,212",71.5,28.1,0.4,Urban
NY-07,"669,781","74,827","4,454",89.4,10.0,0.6,Urban
NY-08,"605,222","161,962","3,919",78.5,21.0,0.5,Urban
NY-09,"664,203","80,449","3,105",88.8,10.8,0.4,Urban
NY-10,"687,932","60,374","1,213",91.8,8.1,0.2,Urban
NY-11,"292,512","432,288","4,212",40.1,59.3,0.6,Suburban
NY-12,"703,719","21,467",416,97.0,3.0,0.1,Urban
NY-13,"766,731","14,936","6,385",97.3,1.9,0.8,Urban
NY-14,"609,249","119,444","7,407",82.8,16.2,1.0,Urban
NY-15,"720,638","27,928","4,679",95.7,3.7,0.6,Urban
NY-16,"379,264","360,532","8,096",50.7,48.2,1.1,Urban
NY-17,"115,546","595,452","31,153",15.6,80.2,4.2,Suburban
NY-18,"87,396","462,869","168,090",12.1,64.5,23.4,Suburban
NY-19,"62,055","198,043","446,206",8.8,28.0,63.2,Rural
NY-20,"184,520","448,227","93,335",25.4,61.7,12.9,Suburban
NY-21,"79,477","220,061","416,576",11.1,30.7,58.2,Rural
NY-22,"136,217","243,302","322,024",19.4,34.7,45.9,Rural
NY-23,"99,599","212,428","397,799",14.0,29.9,56.0,Rural
NY-24,"157,903","336,279","217,665",22.2,47.2,30.6,Suburban
NY-25,"230,540","433,055","58,489",31.9,60.0,8.1,Suburban
NY-26,"343,077","355,452","16,069",48.0,49.7,2.2,Suburban
NY-27,"52,693","348,110","316,959",7.3,48.5,44.2,Suburban
North Carolina,"1,743,246","4,723,295","3,586,030",17.3,47.0,35.7,Suburban
NC-01,"175,376","305,289","271,656",23.3,40.6,36.1,Suburban
NC-02,"70,154","430,094","312,321",8.6,52.9,38.4,Suburban
NC-03,"87,521","304,295","362,235",11.6,40.4,48.0,Rural
NC-04,"202,411","554,861","62,596",24.7,67.7,7.6,Suburban
NC-05,"119,565","305,484","327,708",15.9,40.6,43.5,Rural
NC-06,"119,935","277,457","357,261",15.9,36.8,47.3,Rural
NC-07,"87,198","315,195","369,674",11.3,40.8,47.9,Rural
NC-08,"118,207","406,017","243,236",15.4,52.9,31.7,Suburban
NC-09,"111,738","389,307","275,120",14.4,50.2,35.4,Suburban
NC-10,"118,319","322,048","299,827",16.0,43.5,40.5,Suburban
NC-11,"62,260","235,775","451,021",8.3,31.5,60.2,Rural
NC-12,"263,099","541,610","31,405",31.5,64.8,3.8,Suburban
NC-13,"207,463","335,864","221,970",27.1,43.9,29.0,Suburban
North Dakota,"137,364","360,214","247,898",18.4,48.3,33.3,Suburban
ND-AL,"137,364","360,214","247,898",18.4,48.3,33.3,Suburban
Ohio,"2,781,876","6,042,368","2,785,506",24.0,52.0,24.0,Suburban
OH-01,"207,073","455,779","78,014",28.0,61.5,10.5,Suburban
OH-02,"132,548","379,242","207,130",18.4,52.8,28.8,Suburban
OH-03,"291,279","469,043","11,427",37.7,60.8,1.5,Suburban
OH-04,"150,881","277,983","288,412",21.0,38.8,40.2,Rural
OH-05,"114,630","326,338","282,434",15.8,45.1,39.0,Suburban
OH-06,"88,778","193,423","419,073",12.7,27.6,59.8,Rural
OH-07,"119,918","300,355","301,892",16.6,41.6,41.8,Rural
OH-08,"150,402","373,995","202,044",20.7,51.5,27.8,Suburban
OH-09,"349,671","316,269","41,518",49.4,44.7,5.9,Urban
OH-10,"186,438","450,154","84,573",25.9,62.4,11.7,Suburban
OH-11,"387,962","300,615","14,840",55.2,42.7,2.1,Urban
OH-12,"135,964","442,335","184,658",17.8,58.0,24.2,Suburban
OH-13,"218,181","397,040","86,969",31.1,56.5,12.4,Suburban
OH-14,"66,615","475,563","177,772",9.3,66.1,24.7,Suburban
OH-15,"105,089","369,680","273,652",14.0,49.4,36.6,Suburban
OH-16,"76,447","514,551","131,100",10.6,71.3,18.2,Suburban
Oklahoma,"910,823","1,746,682","1,238,750",23.4,44.8,31.8,Suburban
OK-01,"212,654","475,156","97,929",27.1,60.5,12.5,Suburban
OK-02,"93,566","167,131","489,710",12.5,22.3,65.3,Rural
OK-03,"139,896","297,711","337,886",18.0,38.4,43.6,Rural
OK-04,"159,886","401,099","219,674",20.5,51.4,28.1,Suburban
OK-05,"304,821","405,585","93,551",37.9,50.4,11.6,Suburban
Oregon,"945,581","2,170,700","908,859",23.5,53.9,22.6,Suburban
OR-01,"132,024","577,924","111,740",16.1,70.3,13.6,Suburban
OR-02,"140,778","348,787","306,399",17.7,43.8,38.5,Suburban
OR-03,"372,581","382,286","61,901",45.6,46.8,7.6,Suburban
OR-04,"146,736","365,645","273,413",18.7,46.5,34.8,Suburban
OR-05,"153,462","496,059","155,405",19.1,61.6,19.3,Suburban
Pennsylvania,"3,254,638","6,181,922","3,353,932",25.4,48.3,26.2,Suburban
PA-01,"33,344","600,384","75,712",4.7,84.6,10.7,Suburban
PA-02,"567,476","152,594","5,551",78.2,21.0,0.8,Urban
PA-03,"660,399","56,735","10,027",90.8,7.8,1.4,Urban
PA-04,"61,671","600,695","62,159",8.5,82.9,8.6,Suburban
PA-05,"216,207","478,497","18,539",30.3,67.1,2.6,Suburban
PA-06,"109,574","472,440","139,540",15.2,65.5,19.3,Suburban
PA-07,"161,224","422,204","138,412",22.3,58.5,19.2,Suburban
PA-08,"187,509","280,754","224,657",27.1,40.5,32.4,Suburban
PA-09,"93,083","301,676","311,601",13.2,42.7,44.1,Rural
PA-10,"136,710","442,471","148,376",18.8,60.8,20.4,Suburban
PA-11,"100,898","375,549","247,851",13.9,51.9,34.2,Suburban
PA-12,"84,781","178,509","438,402",12.1,25.4,62.5,Rural
PA-13,"87,233","203,854","408,386",12.5,29.1,58.4,Rural
PA-14,"92,519","326,290","276,213",13.3,46.9,39.7,Suburban
PA-15,"70,627","161,270","456,538",10.3,23.4,66.3,Rural
PA-16,"149,024","284,248","261,102",21.5,40.9,37.6,Suburban
PA-17,"111,560","504,391","93,190",15.7,71.1,13.1,Suburban
PA-18,"330,800","339,360","37,673",46.7,47.9,5.3,Suburban
Rhode Island,"329,864","601,320","124,952",31.2,56.9,11.8,Suburban
RI-01,"200,019","304,180","30,015",37.4,56.9,5.6,Suburban
RI-02,"129,845","297,140","94,936",24.9,56.9,18.2,Suburban
South Carolina,"724,890","2,368,955","1,799,607",14.8,48.4,36.8,Suburban
SC-01,"118,688","528,741","103,988",15.8,70.4,13.8,Suburban
SC-02,"96,979","412,032","199,636",13.7,58.1,28.2,Suburban
SC-03,"74,675","230,811","373,462",11.0,34.0,55.0,Rural
SC-04,"125,698","399,503","179,138",17.8,56.7,25.4,Suburban
SC-05,"75,356","294,604","326,800",10.8,42.3,46.9,Rural
SC-06,"152,081","218,627","285,324",23.2,33.3,43.5,Rural
SC-07,"81,412","284,638","331,259",11.7,40.8,47.5,Rural
South Dakota,"177,858","335,251","342,337",20.8,39.2,40.0,Rural
SD-AL,"177,858","335,251","342,337",20.8,39.2,40.0,Rural
Tennessee,"1,406,166","2,832,879","2,358,326",21.3,42.9,35.7,Suburban
TN-01,"91,053","243,076","378,914",12.8,34.1,53.1,Rural
TN-02,"119,996","405,044","204,842",16.4,55.5,28.1,Suburban
TN-03,"140,311","260,603","326,448",19.3,35.8,44.9,Rural
TN-04,"107,383","317,654","334,498",14.1,41.8,44.0,Rural
TN-05,"253,343","416,016","92,392",33.3,54.6,12.1,Suburban
TN-06,"78,794","295,686","369,312",10.6,39.8,49.7,Rural
TN-07,"75,482","319,610","352,021",10.1,42.8,47.1,Rural
TN-08,"119,628","321,760","260,717",17.0,45.8,37.1,Suburban
TN-09,"420,176","253,430","39,181",58.9,35.6,5.5,Urban
Texas,"7,470,245","15,296,734","4,652,627",27.2,55.8,17.0,Suburban
TX-01,"115,843","266,602","330,060",16.3,37.4,46.3,Rural
TX-02,"240,611","526,662","29,024",30.2,66.1,3.6,Suburban
TX-03,"126,674","655,687","23,326",15.7,81.4,2.9,Suburban
TX-04,"99,838","256,126","371,960",13.7,35.2,51.1,Rural
TX-05,"187,122","290,330","263,757",25.2,39.2,35.6,Suburban
TX-06,"134,563","524,490","103,245",17.7,68.8,13.5,Suburban
TX-07,"252,056","483,298","5,097",34.0,65.3,0.7,Suburban
TX-08,"65,803","477,266","259,737",8.2,59.4,32.4,Suburban
TX-09,"319,723","459,277","20,525",40.0,57.4,2.6,Suburban
TX-10,"129,764","525,619","158,670",15.9,64.6,19.5,Suburban
TX-11,"151,653","370,609","232,143",20.1,49.1,30.8,Suburban
TX-12,"174,341","464,142","124,656",22.8,60.8,16.3,Suburban
TX-13,"155,302","338,434","212,877",22.0,47.9,30.1,Suburban
TX-14,"179,107","439,350","109,402",24.6,60.4,15.0,Suburban
TX-15,"240,703","339,837","179,023",31.7,44.7,23.6,Suburban
TX-16,"221,549","492,952","21,026",30.1,67.0,2.9,Suburban
TX-17,"162,891","412,279","185,146",21.4,54.2,24.4,Suburban
TX-18,"377,640","351,054","21,465",50.3,46.8,2.9,Urban
TX-19,"186,162","340,494","196,045",25.8,47.1,27.1,Suburban
TX-20,"265,246","493,646","18,989",34.1,63.5,2.4,Suburban
TX-21,"233,491","396,536","143,298",30.2,51.3,18.5,Suburban
TX-22,"67,242","715,457","57,371",8.0,85.2,6.8,Suburban
TX-23,"209,199","329,827","225,703",27.4,43.1,29.5,Suburban
TX-24,"175,700","590,810","6,837",22.7,76.4,0.9,Suburban
TX-25,"162,977","360,776","233,105",21.5,47.7,30.8,Suburban
TX-26,"88,064","693,374","53,175",10.6,83.1,6.4,Suburban
TX-27,"231,388","320,523","182,283",31.5,43.7,24.8,Suburban
TX-28,"248,789","326,631","157,874",33.9,44.5,21.5,Suburban
TX-29,"370,501","335,070","41,707",49.6,44.8,5.6,Urban
TX-30,"367,857","350,729","20,833",49.7,47.4,2.8,Urban
TX-31,"126,464","558,092","118,429",15.7,69.5,14.7,Suburban
TX-32,"278,169","479,876","12,271",36.1,62.3,1.6,Suburban
TX-33,"424,547","300,833","15,791",57.3,40.6,2.1,Urban
TX-34,"300,396","235,776","188,753",41.4,32.5,26.0,Urban
TX-35,"310,704","435,116","52,189",38.9,54.5,6.5,Suburban
TX-36,"88,167","359,155","276,834",12.2,49.6,38.2,Suburban
Utah,"587,860","1,957,121","448,959",19.6,65.4,15.0,Suburban
UT-01,"155,606","445,908","139,550",21.0,60.2,18.8,Suburban
UT-02,"173,497","435,508","128,493",23.5,59.1,17.4,Suburban
UT-03,"149,808","492,865","93,844",20.3,66.9,12.7,Suburban
UT-04,"108,949","582,841","87,072",14.0,74.8,11.2,Suburban
Vermont,"81,200","168,680","374,757",13.0,27.0,60.0,Rural
VT-AL,"81,200","168,680","374,757",13.0,27.0,60.0,Rural
Virginia,"1,582,974","4,712,085","2,070,882",18.9,56.3,24.8,Suburban
VA-01,"42,135","452,291","289,962",5.4,57.7,37.0,Suburban
VA-02,"194,692","471,273","68,924",26.5,64.1,9.4,Suburban
VA-03,"276,739","433,005","34,736",37.2,58.2,4.7,Suburban
VA-04,"236,420","374,730","150,315",31.0,49.2,19.7,Suburban
VA-05,"72,242","207,548","447,327",9.9,28.5,61.5,Rural
VA-06,"139,999","321,911","285,810",18.7,43.1,38.2,Suburban
VA-07,"63,000","489,837","212,284",8.2,64.0,27.7,Suburban
VA-08,"314,272","465,705","10,789",39.7,58.9,1.4,Suburban
VA-09,"62,302","187,748","465,941",8.7,26.2,65.1,Rural
VA-10,"67,935","652,149","97,830",8.3,79.7,12.0,Suburban
VA-11,"113,237","655,889","6,965",14.6,84.5,0.9,Suburban
Washington,"1,585,521","4,172,702","1,411,746",22.1,58.2,19.7,Suburban
WA-01,"69,042","503,077","149,333",9.6,69.7,20.7,Suburban
WA-02,"151,246","444,919","123,313",21.0,61.8,17.1,Suburban
WA-03,"107,531","381,631","219,846",15.2,53.8,31.0,Suburban
WA-04,"127,597","358,711","224,587",17.9,50.5,31.6,Suburban
WA-05,"163,354","341,867","191,157",23.5,49.1,27.5,Suburban
WA-06,"128,088","342,891","216,572",18.6,49.9,31.5,Suburban
WA-07,"428,809","301,333","9,827",57.9,40.7,1.3,Urban
WA-08,"70,465","511,440","151,829",9.6,69.7,20.7,Suburban
WA-09,"214,841","505,688","13,521",29.3,68.9,1.8,Suburban
WA-10,"124,548","481,147","111,761",17.4,67.1,15.6,Suburban
West Virginia,"252,791","549,452","1,034,598",13.8,29.9,56.3,Rural
WV-01,"105,973","205,093","304,382",17.2,33.3,49.5,Rural
WV-02,"77,989","211,328","334,404",12.5,33.9,53.6,Rural
WV-03,"68,828","133,032","395,812",11.5,22.3,66.2,Rural
Wisconsin,"1,422,944","2,615,066","1,725,191",24.7,45.4,29.9,Suburban
WI-01,"149,947","411,184","152,097",21.0,57.7,21.3,Suburban
WI-02,"204,200","376,411","165,879",27.4,50.4,22.2,Suburban
WI-03,"119,608","257,725","344,494",16.6,35.7,47.7,Rural
WI-04,"493,459","215,598","6,962",68.9,30.1,1.0,Urban
WI-05,"109,262","493,228","119,858",15.1,68.3,16.6,Suburban
WI-06,"111,041","371,196","230,104",15.6,52.1,32.3,Suburban
WI-07,"93,645","176,870","433,122",13.3,25.1,61.6,Rural
WI-08,"141,782","312,855","272,676",19.5,43.0,37.5,Suburban
Wyoming,"105,583","257,596","220,020",18.1,44.2,37.7,Suburban
WY-AL,"105,583","257,596","220,020",18.1,44.2,37.7,Suburban